goal_id,match_id,team_id,player_name,player_id,minute,stoppage,period,goal_type,assist_player_id,source_type,source_ref,reported_by,reported_at,confidence,verified_by,verified_at
MW_CRFA_2627_G-0001,MW_CRFA_2627_002,MW_TNS_M1,Noah Malizwe,CAF_MW_000182,13,,1h,,,fa,,,,unconfirmed,,
MW_CRFA_2627_G-0002,MW_CRFA_2627_002,MW_MC_M1,Christopher Gomani,CAF_MW_000048,55,,2h,,,facebook,,,,unconfirmed,,
MW_CRFA_2627_G-0003,MW_CRFA_2627_003,MW_MCHS_M1,Namazana Chiyundo,CAF_MW_000181,2,,1h,,,fa,,,,unconfirmed,,
MW_CRFA_2627_G-0004,MW_CRFA_2627_003,MW_MCHS_M1,Kondwani Phiri,CAF_MW_000130,66,,2h,,,facebook,,,,unconfirmed,,
MW_CRFA_2627_G-0012,MW_CRFA_2627_006,MW_SS_M2,Hadji Dyton,CAF_MW_000090,35,,1h,,,facebook,,,,unconfirmed,,
MW_CRFA_2627_G-0013,MW_CRFA_2627_006,MW_MV_M1,Bright Ngonga,CAF_MW_000028,21,,1h,,,facebook,,,,unconfirmed,,
MW_CRFA_2627_G-0014,MW_CRFA_2627_007,MW_MU_M1,Legani Saidi,CAF_MW_000137,25,,1h,,,facebook,,,,unconfirmed,,
MW_CRFA_2627_G-0015,MW_CRFA_2627_007,MW_MU_M1,Steve Chitambaya,CAF_MW_000227,58,,2h,,,,,,,unconfirmed,,
MW_CRFA_2627_G-0016,MW_CRFA_2627_007,MW_BLUE_M2,Blessings Makhula,CAF_MW_000022,1,,1h,,,facebook,,,,unconfirmed,,
MW_CRFA_2627_G-0017,MW_CRFA_2627_007,MW_BLUE_M2,Rajabu Mussa,CAF_MW_000204,41,,1h,,,fa,,,,unconfirmed,,
MW_CRFA_2627_G-0018,MW_CRFA_2627_007,MW_BLUE_M2,Steve Msiska,CAF_MW_000229,76,,2h,,,,,,,unconfirmed,,
MW_CRFA_2627_G-0019,MW_CRFA_2627_007,MW_BLUE_M2,Samuel Viyuyi,CAF_MW_000216,81,,2h,,,,,,,unconfirmed,"=AI(""Fill an appropriate value for this cell based on the table context"")",
MW_CRFA_2627_G-0020,MW_CRFA_2627_015,MW_KFC_M1,David Mwemene,CAF_MW_000270,,,,,,facebook,https://www.facebook.com/share/p/1D7F3s4NJ7/,,,confirmed,,
MW_CRFA_2627_G-0021,MW_CRFA_2627_022,MW_BLUE_M2,Stiel Chirambo,CAF_MW_000271,22,,1h,open_play,,facebook,https://www.facebook.com/share/p/18uEhFeVVz/,,,confirmed,,
MW_CRFA_2627_G-0022,MW_CRFA_2627_022,MW_BLUE_M2,Samuel Viyuyu,CAF_MW_000272,87,,2h,open_play,,facebook,https://www.facebook.com/share/p/18uEhFeVVz/,,,confirmed,,
MW_CRFA_2627_G-0023,MW_CRFA_2627_024,MW_MC_M1,Macdonald Chirwa,CAF_MW_000273,55,,2h,open_play,,facebook,https://www.facebook.com/share/p/18uEhFeVVz/,,,confirmed,,
MW_CRFA_2627_G-0024,MW_CRFA_2627_024,MW_MC_M1,Christopher Goman,CAF_MW_000274,90,1,2h,open_play,,facebook,https://www.facebook.com/share/p/18uEhFeVVz/,,,confirmed,,
MW_CRFA_2627_G-0025,MW_CRFA_2627_025,MW_NAA_M1,Lahaman Shaban,CAF_MW_000275,26,,1h,open_play,,facebook,https://www.facebook.com/share/p/18uEhFeVVz/,,,confirmed,,
MW_CRFA_2627_G-0026,MW_CRFA_2627_026,MW_SS_M2,Crift Msiska,CAF_MW_000276,16,,1h,open_play,,facebook,https://www.facebook.com/share/p/18uEhFeVVz/,,,confirmed,,
MW_CRFA_2627_G-0027,MW_CRFA_2627_027,MW_MPFC_M1,Justice Honde,CAF_MW_000277,,,,,,,,,,confirmed,,
MW_CRFA_2627_G-0028,MW_CRFA_2627_028,MW_MU_M1,Hamza Owen,CAF_MW_000278,,,,,,,,,,confirmed,,
MW_CRFA_2627_G-0029,MW_CRFA_2627_028,MW_AB_M1,Chisomo Khungwa,CAF_MW_000279,,,,,,,,,,confirmed,,
MW_CRFA_2627_G-0030,MW_CRFA_2627_028,MW_AB_M1,Chisomo Khungwa,CAF_MW_000279,,,,,,,,,,confirmed,,
MW_CRFA_2627_G-0031,MW_CRFA_2627_028,MW_AB_M1,Francis Gunde,CAF_MW_000281,,,,,,,,,,confirmed,,
MW_CRFA_2627_G-0032,MW_CRFA_2627_029,MW_KFC_M1,Aspria Denis,CAF_MW_000282,,,,,,,,,,confirmed,,
MW_CRFA_2627_G-0033,MW_CRFA_2627_029,MW_KFC_M1,Ndaziona Chatsalira,CAF_MW_000283,,,,,,,,,,confirmed,,
MW_CRFA_2627_G-0034,MW_CRFA_2627_029,MW_SA_M1,Gift Mansion,CAF_MW_000284,,,,,,,,,,confirmed,,
MW_CRFA_2627_G-0035,MW_CRFA_2627_031,MW_PFC_M1,Andrew Chilemba,CAF_MW_000285,,,,,,,,,,confirmed,,
MW_CRFA_2627_G-0036,MW_CRFA_2627_031,MW_PFC_M1,Andrew Chilemba,CAF_MW_000285,,,,,,,,,,confirmed,,
MW_CRFA_2627_G-0037,MW_CRFA_2627_031,MW_PFC_M1,Andrew Chilemba,CAF_MW_000285,,,,,,,,,,confirmed,,
MW_CRFA_2627_G-0038,MW_CRFA_2627_031,MW_LFC_M1,Andrew Mwale,CAF_MW_000286,,,,,,,,,,confirmed,,
MW_NDL_2627_G-0001,MW_NDL_2627_001,MW_EXFC_M1,Beston Jimu,CAF_MW_000018,43,,1h,,,facebook,,,,unconfirmed,,
MW_NDL_2627_G-0002,MW_NDL_2627_002,MW_MCH_M1,Gerald Ngwira,CAF_MW_000083,9,,1h,,,facebook,,,,unconfirmed,,
MW_NDL_2627_G-0003,MW_NDL_2627_002,MW_MCH_M1,Madalitso Mwachumu,CAF_MW_000153,39,,1h,,,fa,,,,unconfirmed,,
MW_NDL_2627_G-0004,MW_NDL_2627_002,MW_BAS_M1,Seleman Musa,CAF_MW_000220,67,,2h,,,,,,,unconfirmed,,
MW_NDL_2627_G-0005,MW_NDL_2627_003,MW_EU_M1,Robert Chipeta,CAF_MW_000211,5,,1h,,,,,,,unconfirmed,"=AI(""Fill an appropriate value for this cell based on the table context"")",
MW_NDL_2627_G-0006,MW_NDL_2627_004,MW_NU_M1,Hussein Sanudi,CAF_MW_000104,4,,1h,,,facebook,,,,unconfirmed,,
MW_NDL_2627_G-0007,MW_NDL_2627_004,MW_NU_M1,Hussein Sanudi,CAF_MW_000104,58,,2h,,,facebook,,,,unconfirmed,,
MW_NDL_2627_G-0008,MW_NDL_2627_004,MW_SBU_M1,Emmanuel Munthali,CAF_MW_000064,26,,1h,,,facebook,,,,unconfirmed,,
MW_NDL_2627_G-0009,MW_NDL_2627_004,MW_SBU_M1,Allan Msowoya,CAF_MW_000008,36,,1h,,,facebook,,,,unconfirmed,,
MW_NDL_2627_G-0010,MW_NDL_2627_005,MW_MT_M1,Kondwani Langa,CAF_MW_000128,10,,1h,,,facebook,,,,unconfirmed,,
MW_NDL_2627_G-0011,MW_NDL_2627_005,MW_MT_M1,Sylvester Phiri Saizi,CAF_MW_000232,51,,2h,,,,,,,unconfirmed,,
MW_NDL_2627_G-0012,MW_NDL_2627_005,MW_MT_M1,James Tambwali,CAF_MW_000114,83,,2h,,,facebook,,,,unconfirmed,,
MW_NDL_2627_G-0013,MW_NDL_2627_005,MW_CBWE_M1,Madalitso Chisomba,CAF_MW_000149,31,,1h,,,fa,,,,unconfirmed,,
MW_NDL_2627_G-0014,MW_NDL_2627_005,MW_CBWE_M1,Hanif Jafari,CAF_MW_000093,90,3,2h,,,facebook,,,,unconfirmed,,
MW_NDL_2627_G-0015,MW_NDL_2627_008,MW_NS_M1,Corazo Zonda,CAF_MW_000052,45,1,1h,,,facebook,,,,unconfirmed,,
MW_NDL_2627_G-0016,MW_NDL_2627_008,MW_NS_M1,Moses Gunde,CAF_MW_000175,87,,2h,,,fa,,,,unconfirmed,,
MW_NDL_2627_G-0017,MW_NDL_2627_008,MW_NZ_M1,Precious Manduwa,CAF_MW_000196,1,,1h,,,fa,,,,unconfirmed,,
MW_NDL_2627_G-0018,MW_NDL_2627_009,MW_SBU_M1,Dickson Mwangonde,CAF_MW_000054,9,,1h,,,facebook,,,,unconfirmed,,
MW_NDL_2627_G-0019,MW_NDL_2627_010,MW_BAS_M1,Lyson Nkhoma,CAF_MW_000145,1,,1h,,,placeholder,,,,unconfirmed,,
MW_NDL_2627_G-0020,MW_NDL_2627_010,MW_BAS_M1,Dyson Moffat,CAF_MW_000058,44,,1h,,,facebook,,,,unconfirmed,,
MW_NDL_2627_G-0021,MW_NDL_2627_010,MW_MT_M1,Maxwell Owen,CAF_MW_000166,57,,2h,,,fa,,,,unconfirmed,,
MW_NDL_2627_G-0022,MW_NDL_2627_010,MW_MT_M1,Khursheed Muhammad,CAF_MW_000125,76,,2h,,,facebook,,,,unconfirmed,,
MW_NDL_2627_G-0023,MW_NDL_2627_011,MW_EU_M1,Petros Kamanga,CAF_MW_000190,70,,2h,,,fa,,,,unconfirmed,,
MW_NDL_2627_G-0024,MW_NDL_2627_011,MW_EU_M1,Menard Magawa,CAF_MW_000172,75,,2h,,,fa,,,,unconfirmed,,
MW_NDL_2627_G-0025,MW_NDL_2627_011,MW_NU_M1,Adam Ali,CAF_MW_000002,36,,1h,,,facebook,,,,unconfirmed,,
MW_NDL_2627_G-0026,MW_NDL_2627_012,MW_EXFC_M1,Slay Antony,CAF_MW_000224,27,,1h,,,,,,,unconfirmed,,
MW_NDL_2627_G-0027,MW_NDL_2627_012,MW_EXFC_M1,Chifundo Ngonjera,CAF_MW_000035,64,,2h,,,facebook,,,,unconfirmed,,
MW_NDL_2627_G-0028,MW_NDL_2627_012,MW_EXFC_M1,Jerry Kalume,CAF_MW_000115,86,,2h,,,facebook,,,,unconfirmed,,
MW_NDL_2627_G-0029,MW_NDL_2627_014,MW_SBU_M1,Emmanuel Munthali,CAF_MW_000064,44,,1h,,,facebook,,,,unconfirmed,,
MW_NDL_2627_G-0030,MW_NDL_2627_014,MW_SBU_M1,Dickson Mwangonde,CAF_MW_000054,61,,2h,,,facebook,,,,unconfirmed,,
MW_NDL_2627_G-0031,MW_NDL_2627_014,MW_BAS_M1,Upile Kapunja,CAF_MW_000239,16,,1h,,,,,,,unconfirmed,,
MW_NDL_2627_G-0032,MW_NDL_2627_015,MW_CB_M1,Precious Maganga,CAF_MW_000200,50,,2h,,,fa,,,,unconfirmed,,
MW_NDL_2627_G-0033,MW_NDL_2627_015,MW_CB_M1,Blessings Harawa,CAF_MW_000020,53,,2h,,,facebook,,,,unconfirmed,,
MW_NDL_2627_G-0034,MW_NDL_2627_015,MW_NS_M1,Macray Chiwaya,CAF_MW_000147,29,,1h,,,placeholder,,,,unconfirmed,,
MW_NDL_2627_G-0035,MW_NDL_2627_015,MW_NS_M1,Moses Gunde,CAF_MW_000175,48,,2h,,,fa,,,,unconfirmed,,
MW_NDL_2627_G-0036,MW_NDL_2627_015,MW_NS_M1,Dickson Mwangonde,CAF_MW_000054,57,,2h,,,facebook,,,,unconfirmed,,
MW_NDL_2627_G-0037,MW_NDL_2627_015,MW_NS_M1,Kondwani Kucheza,CAF_MW_000127,75,,2h,,,facebook,,,,unconfirmed,,
MW_NDL_2627_G-0038,MW_NDL_2627_016,MW_FFC_M1,Dyson Daud,CAF_MW_000057,39,,1h,,,facebook,,,,unconfirmed,,
MW_NDL_2627_G-0039,MW_NDL_2627_017,MW_NU_M1,Hussein Sanudi,CAF_MW_000104,18,,1h,,,facebook,,,,unconfirmed,,
MW_NDL_2627_G-0040,MW_NDL_2627_017,MW_NU_M1,Adam Ali,CAF_MW_000002,59,,2h,,,facebook,,,,unconfirmed,,
MW_NDL_2627_G-0041,MW_NDL_2627_017,MW_EXFC_M1,Chifundo Ngonjera,CAF_MW_000035,90,,2h,,,facebook,,,,unconfirmed,,
MW_NDL_2627_G-0042,MW_NDL_2627_018,MW_NZ_M1,Maxwell Mangwere,CAF_MW_000165,57,,2h,,,fa,,,,unconfirmed,,
MW_NDL_2627_G-0043,MW_NDL_2627_018,MW_CBWE_M1,Anzeru Joseph,CAF_MW_000253,49,,2h,,,facebook,,,,unconfirmed,,
MW_NDL_2627_G-0044,MW_NDL_2627_018,MW_CBWE_M1,Kondwani Siliya,CAF_MW_000131,87,,2h,,,facebook,,,,unconfirmed,,
MW_NDL_2627_G-0045,MW_NDL_2627_019,MW_BAS_M1,Lyson Nkhoma,CAF_MW_000145,24,,1h,,,placeholder,,,,unconfirmed,,
MW_NDL_2627_G-0046,MW_NDL_2627_019,MW_FFC_M1,Sebstian Chisomba,CAF_MW_000219,50,,2h,,,,,,,unconfirmed,,
MW_NDL_2627_G-0047,MW_NDL_2627_020,MW_EU_M1,Menard Magawa,CAF_MW_000172,80,,2h,,,fa,,,,unconfirmed,,
MW_NDL_2627_G-0048,MW_NDL_2627_020,MW_SBU_M1,Richard Cheyo,CAF_MW_000209,23,,1h,,,fa,,,,unconfirmed,,
MW_NDL_2627_G-0049,MW_NDL_2627_020,MW_SBU_M1,Menard Magawa,CAF_MW_000172,90,,2h,own_goal,,fa,,,,unconfirmed,,
MW_NDL_2627_G-0050,MW_NDL_2627_021,MW_NZ_M1,Alexander Cosmas,CAF_MW_000007,15,,1h,,,facebook,,,,unconfirmed,,
MW_NDL_2627_G-0051,MW_NDL_2627_021,MW_NZ_M1,Alexander Cosmas,CAF_MW_000007,45,2,1h,,,facebook,,,,unconfirmed,,
MW_NDL_2627_G-0052,MW_NDL_2627_022,MW_CBWE_M1,Madalitso Chisomba,CAF_MW_000149,2,,1h,,,fa,,,,unconfirmed,,
MW_NDL_2627_G-0053,MW_NDL_2627_022,MW_CBWE_M1,Madalitso Chisomba,CAF_MW_000149,29,,1h,,,fa,,,,unconfirmed,,
MW_NDL_2627_G-0054,MW_NDL_2627_022,MW_CB_M1,Akim Mponda,CAF_MW_000004,13,,1h,,,facebook,,,,unconfirmed,,
MW_NDL_2627_G-0055,MW_NDL_2627_022,MW_CB_M1,Akim Mponda,CAF_MW_000004,60,,2h,,,facebook,,,,unconfirmed,,
MW_NDL_2627_G-0056,MW_NDL_2627_023,MW_EXFC_M1,Kondwani Dundu,CAF_MW_000126,21,,1h,,,facebook,,,,unconfirmed,,
MW_NDL_2627_G-0057,MW_NDL_2627_023,MW_EXFC_M1,Slay Antony,CAF_MW_000224,33,,1h,,,,,,,unconfirmed,,
MW_NDL_2627_G-0058,MW_NDL_2627_023,MW_EXFC_M1,Slay Antony,CAF_MW_000224,45,,1h,,,,,,,unconfirmed,,
MW_NDL_2627_G-0059,MW_NDL_2627_023,MW_MCH_M1,Hassani Luwembe,CAF_MW_000097,31,,1h,,,facebook,,,,unconfirmed,,
MW_NDL_2627_G-0060,MW_NDL_2627_023,MW_MCH_M1,Philip Mtika,CAF_MW_000192,73,,2h,,,fa,,,,unconfirmed,,
MW_NDL_2627_G-0061,MW_NDL_2627_025,MW_EU_M1,Menard Magawa,CAF_MW_000172,10,,1h,,,fa,,,,unconfirmed,,
MW_NDL_2627_G-0062,MW_NDL_2627_025,MW_EU_M1,Abraham Mkandawire,CAF_MW_000001,49,,2h,,,facebook,,,,unconfirmed,,
MW_NDL_2627_G-0063,MW_NDL_2627_026,MW_MCH_M1,Gerald Ngwira,CAF_MW_000083,33,,1h,,,facebook,,,,unconfirmed,,
MW_NDL_2627_G-0064,MW_NDL_2627_026,MW_MCH_M1,Philip Mtika,CAF_MW_000192,41,,1h,,,fa,,,,unconfirmed,,
MW_NDL_2627_G-0065,MW_NDL_2627_026,MW_NS_M1,Rafiq Alli,CAF_MW_000202,24,,1h,,,fa,,,,unconfirmed,,
MW_NDL_2627_G-0066,MW_NDL_2627_027,MW_CB_M1,Blessings Harawa,CAF_MW_000020,7,,1h,,,facebook,,,,unconfirmed,,
MW_NDL_2627_G-0067,MW_NDL_2627_027,MW_CB_M1,Hakim Mponda,CAF_MW_000092,26,,1h,,,facebook,,,,unconfirmed,,
MW_NDL_2627_G-0068,MW_NDL_2627_027,MW_CB_M1,Maxwel Msowoya,CAF_MW_000164,90,,2h,,,fa,,,,unconfirmed,,
MW_NDL_2627_G-0069,MW_NDL_2627_027,MW_MT_M1,Madalitso Banda,CAF_MW_000148,64,,2h,,,placeholder,,,,unconfirmed,,
MW_NDL_2627_G-0070,MW_NDL_2627_027,MW_MT_M1,Harry Robert,CAF_MW_000095,77,,2h,,,facebook,,,,unconfirmed,,
MW_NDL_2627_G-0071,MW_NDL_2627_027,MW_MT_M1,Madalitso Banda,CAF_MW_000148,88,,2h,,,fa,,,,unconfirmed,,
MW_NDL_2627_G-0072,MW_NDL_2627_028,MW_NZ_M1,Alexander Cosmas,CAF_MW_000007,13,,1h,,,facebook,,,,unconfirmed,,
MW_NDL_2627_G-0073,MW_NDL_2627_028,MW_FFC_M1,Chimwemwe Nyoni,CAF_MW_000042,87,,2h,,,facebook,,,,unconfirmed,,
MW_NDL_2627_G-0074,MW_NDL_2627_029,MW_SBU_M1,Emmanuel Munthali,CAF_MW_000064,22,,1h,,,facebook,,,,unconfirmed,,
MW_NDL_2627_G-0075,MW_NDL_2627_029,MW_SBU_M1,Dickson Mwangonde,CAF_MW_000054,30,,1h,,,facebook,,,,unconfirmed,,
MW_NDL_2627_G-0076,MW_NDL_2627_029,MW_SBU_M1,Dickson Mwangonde,CAF_MW_000054,62,,2h,,,facebook,,,,unconfirmed,,
MW_NDL_2627_G-0077,MW_NDL_2627_029,MW_EXFC_M1,Beston Jimu,CAF_MW_000018,45,2,1h,,,facebook,,,,unconfirmed,,
MW_NDL_2627_G-0078,MW_NDL_2627_030,MW_NU_M1,Adam Alieh,CAF_MW_000003,85,,2h,,,facebook,,,,unconfirmed,,
MW_NDL_2627_G-0079,MW_NDL_2627_031,MW_NZ_M1,Andrew Donda,CAF_MW_000012,47,,2h,,,facebook,,,,unconfirmed,,
MW_NDL_2627_G-0080,MW_NDL_2627_032,MW_NS_M1,Rafiq Alli,CAF_MW_000202,6,,1h,,,fa,,,,unconfirmed,,
MW_NDL_2627_G-0081,MW_NDL_2627_035,MW_EXFC_M1,Chifundo Ngonjera,CAF_MW_000035,26,,1h,,,facebook,,,,unconfirmed,,
MW_NDL_2627_G-0082,MW_NDL_2627_035,MW_EXFC_M1,Slay Antony,CAF_MW_000224,71,,2h,,,,,,,unconfirmed,,
MW_NDL_2627_G-0083,MW_NDL_2627_035,MW_EU_M1,Menard Magawa,CAF_MW_000172,1,,1h,,,fa,,,,unconfirmed,,
MW_NDL_2627_G-0084,MW_NDL_2627_036,MW_CBWE_M1,Sylvester Phiri Saizi,CAF_MW_000232,35,,1h,,,,,,,unconfirmed,,
MW_NDL_2627_G-0085,MW_NDL_2627_036,MW_CBWE_M1,Samuel Zakeyu,CAF_MW_000217,83,,2h,,,,,,,unconfirmed,"=AI(""Fill an appropriate value for this cell based on the table context"")",
MW_NDL_2627_G-0086,MW_NDL_2627_036,MW_CBWE_M1,Madalitso Haji,CAF_MW_000151,90,4,2h,,,fa,,,,unconfirmed,,
MW_NDL_2627_G-0087,MW_NDL_2627_037,MW_EU_M1,Robert Chipeta,CAF_MW_000211,47,,2h,,,,,,,unconfirmed,"=AI(""Fill an appropriate value for this cell based on the table context"")",
MW_NDL_2627_G-0088,MW_NDL_2627_037,MW_EU_M1,Robert Chipeta,CAF_MW_000211,79,,2h,,,,,,,unconfirmed,"=AI(""Fill an appropriate value for this cell based on the table context"")",
MW_NDL_2627_G-0089,MW_NDL_2627_037,MW_NS_M1,Rafiq Alli,CAF_MW_000202,49,,2h,,,fa,,,,unconfirmed,,
MW_NDL_2627_G-0090,MW_NDL_2627_038,MW_CB_M1,Leo Kaira,CAF_MW_000140,46,,2h,,,facebook,,,,unconfirmed,,
MW_NDL_2627_G-0091,MW_NDL_2627_038,MW_NZ_M1,Howard Moses,CAF_MW_000103,12,,1h,,,facebook,,,,unconfirmed,,
MW_NDL_2627_G-0092,MW_NDL_2627_039,MW_EXFC_M1,Mathews Mtalakwesi,CAF_MW_000158,85,,2h,,,fa,,,,unconfirmed,,
MW_NDL_2627_G-0093,MW_NDL_2627_040,MW_NU_M1,Hussein Sanudi,CAF_MW_000104,1,,1h,,,facebook,,,,unconfirmed,,
MW_NDL_2627_G-0094,MW_NDL_2627_040,MW_FFC_M1,Sebastian Chinsomba,CAF_MW_000218,57,,2h,,,,,,,unconfirmed,"=AI(""Fill an appropriate value for this cell based on the table context"")",
MW_NDL_2627_G-0095,MW_NDL_2627_040,MW_FFC_M1,Shadreck Mikunde,CAF_MW_000221,73,,2h,,,,,,,unconfirmed,,
MW_NDL_2627_G-0096,MW_NDL_2627_041,MW_SBU_M1,Emmanuel Munthali,CAF_MW_000064,11,,1h,,,facebook,,,,unconfirmed,,
MW_NDL_2627_G-0097,MW_NDL_2627_041,MW_SBU_M1,Tendai Phiri,CAF_MW_000236,37,,1h,,,,,,,unconfirmed,,
MW_NDL_2627_G-0098,MW_NDL_2627_042,MW_MCH_M1,Philip Mtika,CAF_MW_000192,37,,1h,,,fa,,,,unconfirmed,,
MW_NDL_2627_G-0099,MW_NDL_2627_042,MW_MCH_M1,Christopher Chulu,CAF_MW_000047,45,1,1h,,,facebook,,,,unconfirmed,,
MW_NDL_2627_G-0100,MW_NDL_2627_042,MW_MCH_M1,Philip Mtika,CAF_MW_000192,51,,2h,,,fa,,,,unconfirmed,,
MW_NDL_2627_G-0101,MW_NDL_2627_042,MW_MCH_M1,Christopher Chulu,CAF_MW_000047,61,,2h,,,facebook,,,,unconfirmed,,
MW_NRFA_2627_G-0001,MW_NRFA_2627_001,MW_CHIN_M1,Temwa Ndhlovu,CAF_MW_000235,15,,1h,,,,,,,unconfirmed,,
MW_NRFA_2627_G-0003,MW_NRFA_2627_001,MW_MAFU_M1,Gumbikani Banda,CAF_MW_000089,67,,2h,,,facebook,,,,unconfirmed,,
MW_NRFA_2627_G-0004,MW_NRFA_2627_001,MW_MAFU_M1,Gumbikani Banda,CAF_MW_000089,,,,,,facebook,,,,unconfirmed,,
MW_NRFA_2627_G-0005,MW_NRFA_2627_002,MW_CZU_M1,Dickies Nyirenda,CAF_MW_000287,8,,1h,,,,,,,confirmed,,
MW_NRFA_2627_G-0006,MW_NRFA_2627_002,MW_CZU_M1,Dickies Nyirenda,CAF_MW_000287,79,,2h,,,,,,,confirmed,,
MW_NRFA_2627_G-0007,MW_NRFA_2627_002,MW_CZU_M1,Harrison Phiri,CAF_MW_000288,77,,2h,,,,,,,confirmed,,
MW_NRFA_2627_G-0008,MW_NRFA_2627_002,MW_CAS_M1,Kennedy Seme,CAF_MW_000289,45+5,,1h,,,,,,,confirmed,,
MW_NRFA_2627_G-0009,MW_NRFA_2627_005,MW_CHB_M1,Benjamin Mapunda,CAF_MW_000303,42,,1h,,,,,,,confirmed,,
MW_NRFA_2627_G-0010,MW_NRFA_2627_005,MW_CHB_M1,Wanangwa Gondwe,CAF_MW_000304,,,,,,,,,,confirmed,,
MW_NRFA_2627_G-0011,MW_NRFA_2627_005,MW_EKW_M1,Mphatso Kumwenda,CAF_MW_000305,44,,1h,penalty,,,,,,confirmed,,
MW_NRFA_2627_G-0012,MW_NRFA_2627_006,MW_MMW_M1,Shaibu Jahali,CAF_MW_000306,6,,1h,,,,,,,confirmed,,
MW_NRFA_2627_G-0013,MW_NRFA_2627_006,MW_MMW_M1,Massa Perekani,CAF_MW_000307,38,,1h,,,,,,,confirmed,,
MW_NRFA_2627_G-0014,MW_NRFA_2627_006,MW_EV_M1,Solomon Nkosi,CAF_MW_000308,5,,1h,,,,,,,confirmed,,
MW_NRFA_2627_G-0015,MW_NRFA_2627_007,MW_JU_M1,Wyson Nyirenda,CAF_MW_000309,30,,1h,,,,,,,confirmed,,
MW_NRFA_2627_G-0016,MW_NRFA_2627_003,MW_CRS_M1,Clifford Chisale,CAF_MW_000310,4,,1h,,,facebook,https://www.facebook.com/share/p/1JgdD7nMHt/,,,confirmed,,
MW_NRFA_2627_G-0017,MW_NRFA_2627_003,MW_CRS_M1,Adjoy Shabani,CAF_MW_000311,30,,1h,,,facebook,https://www.facebook.com/share/p/1JgdD7nMHt/,,,confirmed,,
MW_NRFA_2627_G-0018,MW_NRFA_2627_003,MW_CRS_M1,Henderson Kanjika,CAF_MW_000312,61,,2h,penalty,,facebook,https://www.facebook.com/share/p/1JgdD7nMHt/,,,confirmed,,
MW_NRFA_2627_G-0019,MW_NRFA_2627_004,MW_VSA_M1,Jomole Phiri,CAF_MW_000313,11,,1h,,,facebook,https://www.facebook.com/share/p/1E82mwUque/,,,confirmed,,
MW_NRFA_2627_G-0020,MW_NRFA_2627_004,MW_VSA_M1,Jomole Phiri,CAF_MW_000313,16,,1h,,,facebook,https://www.facebook.com/share/p/1E82mwUque/,,,confirmed,,
MW_NRFA_2627_G-0021,MW_NRFA_2627_004,MW_VSA_M1,Jomole Phiri,CAF_MW_000313,88,,2h,penalty,,facebook,https://www.facebook.com/share/p/1E82mwUque/,,,confirmed,,
MW_NRFA_2627_G-0022,MW_NRFA_2627_004,MW_VSA_M1,Nathan Msiska,CAF_MW_000314,59,,2h,,,facebook,https://www.facebook.com/share/p/1E82mwUque/,,,confirmed,,
MW_NRFA_2627_G-0023,MW_NRFA_2627_004,MW_RFC_M1,Pearson Nyirenda,CAF_MW_000315,6,,1h,,,facebook,https://www.facebook.com/share/p/1E82mwUque/,,,confirmed,,
MW_NRFA_2627_G-0024,MW_NRFA_2627_004,MW_RFC_M1,Kondwani Chirwa,CAF_MW_000316,29,,1h,,,facebook,https://www.facebook.com/share/p/1E82mwUque/,,,confirmed,,
MW_NRFA_2627_G-0025,MW_NRFA_2627_004,MW_RFC_M1,Zachariah Mphamba,CAF_MW_000317,,,,,,facebook,https://www.facebook.com/share/p/1E82mwUque/,,,confirmed,,
MW_SL_2627_G-0001,MW_SL_2627_001,MW_CSU_M1,John Dambuleni,CAF_MW_000118,59,,2h,,,facebook,,,,unconfirmed,,
MW_SL_2627_G-0002,MW_SL_2627_001,MW_CSU_M1,Khumbo Mhone,CAF_MW_000124,76,,2h,,,facebook,,,,unconfirmed,,
MW_SL_2627_G-0003,MW_SL_2627_001,MW_BULL_M1,Clever Kalambo,CAF_MW_000050,8,,1h,,,facebook,,,,unconfirmed,,
MW_SL_2627_G-0004,MW_SL_2627_001,MW_BULL_M1,George Chaomba,CAF_MW_000081,67,,2h,,,facebook,,,,unconfirmed,,
MW_SL_2627_G-0005,MW_SL_2627_003,MW_SS_M1,Festus Duwe,CAF_MW_000074,4,,1h,,,facebook,,,,unconfirmed,,
MW_SL_2627_G-0006,MW_SL_2627_003,MW_SS_M1,Festus Duwe,CAF_MW_000074,34,,1h,,,facebook,,,,unconfirmed,,
MW_SL_2627_G-0007,MW_SL_2627_004,MW_MAFC_M1,Clifford Msowoya,CAF_MW_000051,90,1,2h,,,facebook,,,,unconfirmed,,
MW_SL_2627_G-0008,MW_SL_2627_004,MW_LM_M1,Emmanuel Nyakutepa,CAF_MW_000066,41,,1h,,,facebook,,,,unconfirmed,,
MW_SL_2627_G-0009,MW_SL_2627_005,MW_REDL_M1,Fred Banda,CAF_MW_000079,64,,2h,,,facebook,,,,unconfirmed,,
MW_SL_2627_G-0010,MW_SL_2627_005,MW_CS_M1,Ishmael Hassan,CAF_MW_000112,70,,2h,,,facebook,,,,unconfirmed,,
MW_SL_2627_G-0011,MW_SL_2627_006,MW_BLUE_M1,Tonic Viyuyi,CAF_MW_000237,26,,1h,,,,,,,unconfirmed,,
MW_SL_2627_G-0012,MW_SL_2627_006,MW_BLUE_M1,Pius Saka,CAF_MW_000195,36,,1h,,,fa,,,,unconfirmed,,
MW_SL_2627_G-0013,MW_SL_2627_006,MW_EFC_M1,Blessings Malinda,CAF_MW_000023,47,,2h,,,facebook,,,,unconfirmed,,
MW_SL_2627_G-0014,MW_SL_2627_007,MW_MFC_M1,Precious Sambani,CAF_MW_000197,11,,1h,,,fa,,,,unconfirmed,,
MW_SL_2627_G-0015,MW_SL_2627_008,MW_MW_M1,Isaac Kaliati,CAF_MW_000110,15,,1h,,,facebook,,,,unconfirmed,,
MW_SL_2627_G-0016,MW_SL_2627_008,MW_MW_M1,Lameck Mithi,CAF_MW_000134,22,,1h,,,facebook,,,,unconfirmed,,
MW_SL_2627_G-0017,MW_SL_2627_008,MW_MW_M1,Lameck Mithi,CAF_MW_000134,38,,1h,,,facebook,,,,unconfirmed,,
MW_SL_2627_G-0018,MW_SL_2627_008,MW_MW_M1,Lameck Mithi,CAF_MW_000134,88,,2h,,,facebook,,,,unconfirmed,,
MW_SL_2627_G-0019,MW_SL_2627_008,MW_KU_M1,Alex Benson,CAF_MW_000005,34,,1h,,,facebook,,,,unconfirmed,,
MW_SL_2627_G-0020,MW_SL_2627_009,MW_LM_M1,Emmanuel Chikadza,CAF_MW_000062,90,2,2h,penalty,,facebook,,,,unconfirmed,,
MW_SL_2627_G-0021,MW_SL_2627_010,MW_EFC_M1,Blessings Malinda,CAF_MW_000023,11,,1h,,,facebook,,,,unconfirmed,,
MW_SL_2627_G-0022,MW_SL_2627_010,MW_REDL_M1,Calisto Kaliwo,CAF_MW_000031,65,,2h,,,facebook,,,,unconfirmed,,
MW_SL_2627_G-0023,MW_SL_2627_011,MW_SS_M1,Andrew Joseph,CAF_MW_000013,41,,1h,,,facebook,,,,unconfirmed,,
MW_SL_2627_G-0024,MW_SL_2627_011,MW_SS_M1,Andrew Joseph,CAF_MW_000013,52,,2h,,,facebook,,,,unconfirmed,,
MW_SL_2627_G-0025,MW_SL_2627_011,MW_SS_M1,Festus Duwe,CAF_MW_000074,68,,2h,,,facebook,,,,unconfirmed,,
MW_SL_2627_G-0026,MW_SL_2627_011,MW_SS_M1,Chinsisi Maonga,CAF_MW_000043,74,,2h,,,facebook,,,,unconfirmed,,
MW_SL_2627_G-0027,MW_SL_2627_011,MW_MB_M1,Charles Nkhoma,CAF_MW_000034,56,,2h,,,facebook,,,,unconfirmed,,
MW_SL_2627_G-0028,MW_SL_2627_012,MW_CU_M1,Joseph Mbaga,CAF_MW_000120,53,,2h,,,facebook,,,,unconfirmed,,
MW_SL_2627_G-0029,MW_SL_2627_013,MW_CS_M1,Laurent Banda,CAF_MW_000136,72,,2h,,,facebook,,,,unconfirmed,,
MW_SL_2627_G-0030,MW_SL_2627_013,MW_MW_M1,Lameck Mithi,CAF_MW_000134,40,,1h,,,facebook,,,,unconfirmed,,
MW_SL_2627_G-0031,MW_SL_2627_013,MW_MW_M1,Promise Kamwendo,CAF_MW_000198,81,,2h,,,fa,,,,unconfirmed,,
MW_SL_2627_G-0032,MW_SL_2627_014,MW_BULL_M1,Vitumbiko Phiri,CAF_MW_000242,46,,2h,own_goal,,,,,,unconfirmed,,
MW_SL_2627_G-0033,MW_SL_2627_015,MW_CSU_M1,Madalitso Maso,CAF_MW_000152,7,,1h,,,fa,,,,unconfirmed,,
MW_SL_2627_G-0034,MW_SL_2627_016,MW_KU_M1,Godfrey Sibale,CAF_MW_000085,17,,1h,,,facebook,,,,unconfirmed,,
MW_SL_2627_G-0035,MW_SL_2627_016,MW_MFC_M1,Stenie Davie,CAF_MW_000226,33,,1h,,,,,,,unconfirmed,,
MW_SL_2627_G-0036,MW_SL_2627_016,MW_MFC_M1,Phillimon Ndhlove,CAF_MW_000193,54,,2h,,,fa,,,,unconfirmed,,
MW_SL_2627_G-0037,MW_SL_2627_017,MW_CSU_M1,John Dambuleni,CAF_MW_000118,10,,1h,,,facebook,,,,unconfirmed,,
MW_SL_2627_G-0038,MW_SL_2627_019,MW_MB_M1,Charles Nkhoma,CAF_MW_000034,27,,1h,,,facebook,,,,unconfirmed,,
MW_SL_2627_G-0039,MW_SL_2627_019,MW_MB_M1,Charles Nkhoma,CAF_MW_000034,56,,2h,,,facebook,,,,unconfirmed,,
MW_SL_2627_G-0040,MW_SL_2627_019,MW_MB_M1,Matthews Masamba,CAF_MW_000161,74,,2h,,,fa,,,,unconfirmed,,
MW_SL_2627_G-0041,MW_SL_2627_019,MW_CU_M1,Olamba Ngese,CAF_MW_000183,61,,2h,penalty,,fa,,,,unconfirmed,,
MW_SL_2627_G-0042,MW_SL_2627_019,MW_CU_M1,Zenga Manda,CAF_MW_000251,90,3,2h,,,,,,,unconfirmed,,
MW_SL_2627_G-0043,MW_SL_2627_020,MW_BLUE_M1,Benett Konyo,CAF_MW_000016,30,,1h,,,facebook,,,,unconfirmed,,
MW_SL_2627_G-0044,MW_SL_2627_021,MW_KB_M1,Hope Namadzunda,CAF_MW_000102,11,,1h,penalty,,facebook,,,,unconfirmed,,
MW_SL_2627_G-0045,MW_SL_2627_021,MW_KU_M1,Lennox Kiwambe,CAF_MW_000138,43,,1h,,,facebook,,,,unconfirmed,,
MW_SL_2627_G-0046,MW_SL_2627_022,MW_REDL_M1,Mphatso Magaleta ,CAF_MW_000178,38,,1h,penalty,,fa,,,,unconfirmed,,
MW_SL_2627_G-0047,MW_SL_2627_022,MW_REDL_M1,Mphatso Magaleta ,CAF_MW_000178,45,2,1h,,,fa,,,,unconfirmed,,
MW_SL_2627_G-0048,MW_SL_2627_022,MW_REDL_M1,Matthews Simbeye,CAF_MW_000162,84,,2h,,,fa,,,,unconfirmed,,
MW_SL_2627_G-0049,MW_SL_2627_023,MW_MW_M1,Promise Kamwendo,CAF_MW_000198,61,,2h,penalty,,fa,,,,unconfirmed,,
MW_SL_2627_G-0050,MW_SL_2627_023,MW_BULL_M1,Blessings Mpokera,CAF_MW_000025,5,,1h,penalty,,facebook,,,,unconfirmed,,
MW_SL_2627_G-0051,MW_SL_2627_023,MW_BULL_M1,Maxwell Phodo,CAF_MW_000167,60,,2h,,,fa,,,,unconfirmed,,
MW_SL_2627_G-0052,MW_SL_2627_024,MW_MFC_M1,Stenie Davie,CAF_MW_000226,29,,1h,,,,,,,unconfirmed,,
MW_SL_2627_G-0053,MW_SL_2627_024,MW_MFC_M1,Leo Kachikho,CAF_MW_000139,90,6,2h,own_goal,,facebook,,,,unconfirmed,,
MW_SL_2627_G-0054,MW_SL_2627_025,MW_CS_M1,Patrick Mupanzi,CAF_MW_000186,35,,1h,,,fa,,,,unconfirmed,,
MW_SL_2627_G-0055,MW_SL_2627_025,MW_KB_M1,Francis Mchema,CAF_MW_000077,2,,1h,,,facebook,,,,unconfirmed,,
MW_SL_2627_G-0056,MW_SL_2627_025,MW_KB_M1,Olson Kanjira,CAF_MW_000184,40,,1h,,,fa,,,,unconfirmed,,
MW_SL_2627_G-0057,MW_SL_2627_025,MW_KB_M1,Francis Mchema,CAF_MW_000077,61,,2h,,,facebook,,,,unconfirmed,,
MW_SL_2627_G-0058,MW_SL_2627_026,MW_MW_M1,Muhammad Sulumba,CAF_MW_000180,14,,1h,,,fa,,,,unconfirmed,,
MW_SL_2627_G-0059,MW_SL_2627_026,MW_MW_M1,Blessings Singini,CAF_MW_000027,35,,1h,,,facebook,,,,unconfirmed,,
MW_SL_2627_G-0060,MW_SL_2627_027,MW_EFC_M1,Blessings Malinda,CAF_MW_000023,54,,2h,,,facebook,,,,unconfirmed,,
MW_SL_2627_G-0061,MW_SL_2627_027,MW_EFC_M1,James Lumbe,CAF_MW_000113,61,,2h,,,facebook,,,,unconfirmed,,
MW_SL_2627_G-0062,MW_SL_2627_028,MW_CU_M1,Zenga Manda,CAF_MW_000251,59,,2h,,,,,,,unconfirmed,,
MW_SL_2627_G-0063,MW_SL_2627_030,MW_SS_M1,Andrew Joseph,CAF_MW_000013,22,,1h,,,facebook,,,,unconfirmed,,
MW_SL_2627_G-0064,MW_SL_2627_030,MW_SS_M1,Festus Duwe,CAF_MW_000074,40,,1h,penalty,,facebook,,,,unconfirmed,,
MW_SL_2627_G-0065,MW_SL_2627_030,MW_SS_M1,Mcdonald Lameck,CAF_MW_000169,90,2,2h,,,fa,,,,unconfirmed,,
MW_SL_2627_G-0066,MW_SL_2627_031,MW_KU_M1,Kennedy Mwakabaghe,CAF_MW_000123,3,,1h,,,facebook,,,,unconfirmed,,
MW_SL_2627_G-0067,MW_SL_2627_031,MW_MAFC_M1,Awalu Alli,CAF_MW_000015,83,,2h,,,facebook,,,,unconfirmed,,
MW_SL_2627_G-0068,MW_SL_2627_032,MW_BLUE_M1,Micium Mhone,CAF_MW_000173,14,,1h,,,fa,,,,unconfirmed,,
MW_SL_2627_G-0069,MW_SL_2627_032,MW_BLUE_M1,Stacia Chibala,CAF_MW_000225,46,,2h,,,,,,,unconfirmed,,
MW_SL_2627_G-0070,MW_SL_2627_033,MW_REDL_M1,Mavuto Kamunga,CAF_MW_000163,41,,1h,,,fa,,,,unconfirmed,,
MW_SL_2627_G-0071,MW_SL_2627_034,MW_MB_M1,Lucky Mkandawire,CAF_MW_000143,4,,1h,,,facebook,,,,unconfirmed,,
MW_SL_2627_G-0072,MW_SL_2627_035,MW_BLUE_M1,Tonic Viyuyi,CAF_MW_000237,39,,1h,,,,,,,unconfirmed,,
MW_SL_2627_G-0073,MW_SL_2627_035,MW_BULL_M1,Ephraim Kondowe,CAF_MW_000069,51,,2h,,,facebook,,,,unconfirmed,,
MW_SL_2627_G-0074,MW_SL_2627_036,MW_KB_M1,Rashid Chiromo,CAF_MW_000207,70,,2h,,,fa,,,,unconfirmed,,
MW_SL_2627_G-0075,MW_SL_2627_036,MW_EFC_M1,Levison Mnyenyembe,CAF_MW_000142,15,,1h,,,facebook,,,,unconfirmed,,
MW_SL_2627_G-0076,MW_SL_2627_036,MW_EFC_M1,Charles Mafaiti,CAF_MW_000033,36,,1h,,,facebook,,,,unconfirmed,,
MW_SL_2627_G-0077,MW_SL_2627_036,MW_EFC_M1,James Lumbe,CAF_MW_000113,64,,2h,,,facebook,,,,unconfirmed,,
MW_SL_2627_G-0078,MW_SL_2627_036,MW_EFC_M1,Sholigah Stambuli,CAF_MW_000222,74,,2h,,,,,,,unconfirmed,,
MW_SL_2627_G-0079,MW_SL_2627_037,MW_MAFC_M1,Clifford Msowoya,CAF_MW_000051,46,,2h,,,facebook,,,,unconfirmed,,
MW_SL_2627_G-0080,MW_SL_2627_037,MW_MAFC_M1,Clifford Msowoya,CAF_MW_000051,49,,2h,,,facebook,,,,unconfirmed,,
MW_SL_2627_G-0081,MW_SL_2627_038,MW_KU_M1,Godfrey Sibale,CAF_MW_000085,33,,1h,,,facebook,,,,unconfirmed,,
MW_SL_2627_G-0082,MW_SL_2627_040,MW_MFC_M1,Hastings Ndau,CAF_MW_000099,21,,1h,,,facebook,,,,unconfirmed,,
MW_SL_2627_G-0083,MW_SL_2627_040,MW_MFC_M1,Enock Kaonga,CAF_MW_000068,30,,1h,,,facebook,,,,unconfirmed,,
MW_SL_2627_G-0084,MW_SL_2627_040,MW_MFC_M1,Hastings Ndau,CAF_MW_000099,56,,2h,penalty,,facebook,,,,unconfirmed,,
MW_SL_2627_G-0085,MW_SL_2627_040,MW_MFC_M1,Hastings Ndau,CAF_MW_000099,81,,2h,,,facebook,,,,unconfirmed,,
MW_SL_2627_G-0086,MW_SL_2627_041,MW_SS_M1,Ernest Petro,CAF_MW_000071,50,,2h,,,facebook,,,,unconfirmed,,
MW_SL_2627_G-0087,MW_SL_2627_042,MW_EFC_M1,Allen Chihana,CAF_MW_000009,19,,1h,,,facebook,,,,unconfirmed,,
MW_SL_2627_G-0088,MW_SL_2627_042,MW_EFC_M1,Allen Chihana,CAF_MW_000009,55,,2h,,,facebook,,,,unconfirmed,,
MW_SL_2627_G-0089,MW_SL_2627_043,MW_LM_M1,Moses Nyirenda,CAF_MW_000177,41,,1h,,,fa,,,,unconfirmed,,
MW_SL_2627_G-0090,MW_SL_2627_043,MW_LM_M1,Raheam Mtondera,CAF_MW_000203,68,,2h,,,fa,,,,unconfirmed,,
MW_SL_2627_G-0091,MW_SL_2627_043,MW_LM_M1,Raheam Mtondera,CAF_MW_000203,90,3,2h,,,fa,,,,unconfirmed,,
MW_SL_2627_G-0092,MW_SL_2627_044,MW_BLUE_M1,Tonic Viyuyi,CAF_MW_000237,14,,1h,,,,,,,unconfirmed,,
MW_SL_2627_G-0093,MW_SL_2627_044,MW_BLUE_M1,Tonic Viyuyi,CAF_MW_000237,90,4,2h,,,,,,,unconfirmed,,
MW_SL_2627_G-0094,MW_SL_2627_045,MW_MW_M1,Isaac Kaliati,CAF_MW_000110,6,,1h,,,facebook,,,,unconfirmed,,
MW_SL_2627_G-0095,MW_SL_2627_045,MW_MW_M1,Blessings Joseph,CAF_MW_000021,10,,1h,own_goal,,facebook,,,,unconfirmed,,
MW_SL_2627_G-0096,MW_SL_2627_045,MW_MW_M1,Lameck Mithi,CAF_MW_000134,32,,1h,,,facebook,,,,unconfirmed,,
MW_SL_2627_G-0097,MW_SL_2627_045,MW_MW_M1,Muhammad Sulumba,CAF_MW_000180,82,,2h,,,fa,,,,unconfirmed,,
MW_SL_2627_G-0098,MW_SL_2627_046,MW_BULL_M1,George Chaomba,CAF_MW_000081,90,5,2h,,,facebook,,,,unconfirmed,,
MW_SL_2627_G-0099,MW_SL_2627_046,MW_MB_M1,Lucky Mkandawire,CAF_MW_000143,56,,2h,,,facebook,,,,unconfirmed,,
MW_SL_2627_G-0100,MW_SL_2627_047,MW_KU_M1,Godfrey Sibale,CAF_MW_000085,90,,2h,,,facebook,,,,unconfirmed,,
MW_SL_2627_G-0101,MW_SL_2627_048,MW_DD_M1,Chifuniro Mpinganjira,CAF_MW_000036,62,,2h,,,facebook,,,,unconfirmed,,
MW_SL_2627_G-0102,MW_SL_2627_049,MW_MW_M1,Promise Kamwendo,CAF_MW_000198,90,1,2h,,,fa,,,,unconfirmed,,
MW_SL_2627_G-0103,MW_SL_2627_049,MW_EFC_M1,Blessings Malinda,CAF_MW_000023,45,2,1h,,,facebook,,,,unconfirmed,,
MW_SL_2627_G-0104,MW_SL_2627_050,MW_CSU_M1,Righteous Banda,CAF_MW_000210,15,,1h,,,fa,,,,unconfirmed,"=AI(""Fill an appropriate value for this cell based on the table context"")",
MW_SL_2627_G-0105,MW_SL_2627_050,MW_SS_M1,Charles Chipala,CAF_MW_000032,66,,2h,,,facebook,,,,unconfirmed,,
MW_SL_2627_G-0106,MW_SL_2627_051,MW_MAFC_M1,Zikani Schinga,CAF_MW_000252,45,2,1h,,,,,,,unconfirmed,,
MW_SL_2627_G-0107,MW_SL_2627_051,MW_MAFC_M1,Blessings Mofolo,CAF_MW_000024,77,,2h,,,facebook,,,,unconfirmed,,
MW_SL_2627_G-0108,MW_SL_2627_051,MW_MAFC_M1,Blessings Mofolo,CAF_MW_000024,85,,2h,,,facebook,,,,unconfirmed,,
MW_SL_2627_G-0109,MW_SL_2627_052,MW_KB_M1,Olson Kanjira,CAF_MW_000184,65,,2h,,,fa,,,,unconfirmed,,
MW_SL_2627_G-0110,MW_SL_2627_052,MW_BULL_M1,Ephraim Kondowe,CAF_MW_000069,9,,1h,,,facebook,,,,unconfirmed,,
MW_SL_2627_G-0111,MW_SL_2627_052,MW_BULL_M1,Hope Namadzunda,CAF_MW_000102,90,,2h,own_goal,,facebook,,,,unconfirmed,,
MW_SL_2627_G-0112,MW_SL_2627_053,MW_BLUE_M1,Webster Mzunda,CAF_MW_000243,10,,1h,,,,,,,unconfirmed,,
MW_SL_2627_G-0113,MW_SL_2627_053,MW_BLUE_M1,Enock Jobo,CAF_MW_000067,35,,1h,,,facebook,,,,unconfirmed,,
MW_SL_2627_G-0114,MW_SL_2627_053,MW_BLUE_M1,Benett Konyo,CAF_MW_000016,53,,2h,,,facebook,,,,unconfirmed,,
MW_SL_2627_G-0115,MW_SL_2627_053,MW_KU_M1,Lennox Kiwambe,CAF_MW_000138,28,,1h,penalty,,facebook,,,,unconfirmed,,
MW_SL_2627_G-0116,MW_SL_2627_053,MW_KU_M1,Elias Muywanga,CAF_MW_000061,39,,1h,,,facebook,,,,unconfirmed,,
MW_SL_2627_G-0117,MW_SL_2627_054,MW_MB_M1,Brown Maganga,CAF_MW_000030,26,,1h,,,facebook,,,,unconfirmed,,
MW_SL_2627_G-0118,MW_SL_2627_054,MW_MB_M1,Lucky Mkandawire,CAF_MW_000143,45,3,1h,,,facebook,,,,unconfirmed,,
MW_SL_2627_G-0119,MW_SL_2627_055,MW_REDL_M1,Mphatso Magaleta,CAF_MW_000178,75,,2h,penalty,,fa,,,,unconfirmed,,
MW_SL_2627_G-0120,MW_SL_2627_056,MW_MFC_M1,Patrick Phiri,CAF_MW_000187,83,,2h,,,fa,,,,unconfirmed,,
MW_SL_2627_G-0121,MW_SL_2627_056,MW_CS_M1,Ramadan Mtafu,CAF_MW_000205,16,,1h,,,fa,,,,unconfirmed,,
MW_SL_2627_G-0122,MW_SL_2627_056,MW_CS_M1,Miracle Gabeya,CAF_MW_000174,45,2,1h,own_goal,,fa,,,,unconfirmed,,
MW_SL_2627_G-0123,MW_SL_2627_056,MW_CS_M1,Harvey Nasiyaya,CAF_MW_000096,67,,2h,,,facebook,,,,unconfirmed,,
MW_SL_2627_G-0124,MW_SL_2627_057,MW_LM_M1,Vincent Nyangulu,CAF_MW_000241,6,,1h,,,,,,,unconfirmed,,
MW_SL_2627_G-0125,MW_SL_2627_057,MW_LM_M1,Raheam Mtondera,CAF_MW_000203,80,,2h,,,fa,,,,unconfirmed,,
MW_SL_2627_G-0126,MW_SL_2627_057,MW_LM_M1,Emmanuel Nyakutepa,CAF_MW_000066,83,,2h,,,facebook,,,,unconfirmed,,
MW_SL_2627_G-0127,MW_SL_2627_057,MW_BLUE_M1,Farhad Mtcheka,CAF_MW_000072,90,1,2h,,,facebook,,,,unconfirmed,,
MW_SL_2627_G-0128,MW_SL_2627_057,MW_BLUE_M1,Micium Mhone,CAF_MW_000173,90,4,2h,,,fa,,,,unconfirmed,,
MW_SL_2627_G-0129,MW_SL_2627_058,MW_CU_M1,Olamba Ngese,CAF_MW_000183,46,,2h,,,fa,,,,unconfirmed,,
MW_SL_2627_G-0130,MW_SL_2627_058,MW_CU_M1,Friday Osagie,CAF_MW_000080,59,,2h,,,facebook,,,,unconfirmed,,
MW_SL_2627_G-0131,MW_SL_2627_058,MW_KB_M1,Chipiliro Phillip,CAF_MW_000045,90,3,2h,,,facebook,,,,unconfirmed,,
MW_SL_2627_G-0132,MW_SL_2627_059,MW_CSU_M1,Muhammad Biason,CAF_MW_000179,45,,1h,,,fa,,,,unconfirmed,,
MW_SL_2627_G-0133,MW_SL_2627_060,MW_SS_M1,Innocent Shema,CAF_MW_000109,14,,1h,,,facebook,,,,unconfirmed,,
MW_SL_2627_G-0134,MW_SL_2627_060,MW_SS_M1,Innocent Shema,CAF_MW_000109,17,,1h,,,facebook,,,,unconfirmed,,
MW_SL_2627_G-0135,MW_SL_2627_060,MW_SS_M1,Festus Duwe,CAF_MW_000074,79,,2h,,,facebook,,,,unconfirmed,,
MW_SL_2627_G-0136,MW_SL_2627_062,MW_DD_M1,Chifuniro Mpinganjira,CAF_MW_000036,20,,1h,,,facebook,,,,unconfirmed,,
MW_SL_2627_G-0137,MW_SL_2627_062,MW_MW_M1,Blessings Mwalilino,CAF_MW_000026,71,,2h,,,facebook,,,,unconfirmed,,
MW_SL_2627_G-0138,MW_SL_2627_063,MW_EFC_M1,Chimwemwe Chunga,CAF_MW_000041,51,,2h,,,facebook,,,,unconfirmed,,
MW_SL_2627_G-0139,MW_SL_2627_064,MW_BULL_M1,Ephraim Kondowe,CAF_MW_000069,55,,2h,penalty,,facebook,,,,unconfirmed,,
MW_SL_2627_G-0140,MW_SL_2627_065,MW_BULL_M1,Ephraim Kondowe,CAF_MW_000069,9,,1h,,,facebook,,,,unconfirmed,,
MW_SL_2627_G-0141,MW_SL_2627_065,MW_BULL_M1,Ephraim Kondowe,CAF_MW_000069,69,,2h,,,facebook,,,,unconfirmed,,
MW_SL_2627_G-0142,MW_SL_2627_066,MW_BLUE_M1,Micium Mhone,CAF_MW_000173,24,,1h,,,fa,,,,unconfirmed,,
MW_SL_2627_G-0143,MW_SL_2627_067,MW_KU_M1,Tambulani Mwale,CAF_MW_000234,6,,1h,,,,,,,unconfirmed,,
MW_SL_2627_G-0144,MW_SL_2627_067,MW_DD_M1,Marko Chiwaya,CAF_MW_000155,37,,1h,,,fa,,,,unconfirmed,,
MW_SL_2627_G-0145,MW_SL_2627_067,MW_DD_M1,Marko Chiwaya,CAF_MW_000155,45,3,1h,,,fa,,,,unconfirmed,,
MW_SL_2627_G-0146,MW_SL_2627_067,MW_DD_M1,Chifuniro Mpinganjira,CAF_MW_000036,67,,2h,,,facebook,,,,unconfirmed,,
MW_SL_2627_G-0147,MW_SL_2627_068,MW_MFC_M1,Chikaiko Batson,CAF_MW_000037,42,,1h,,,facebook,,,,unconfirmed,,
MW_SL_2627_G-0148,MW_SL_2627_071,MW_REDL_M1,Matamando Mwatchipisa,CAF_MW_000157,77,,2h,,,fa,,,,unconfirmed,,
MW_SL_2627_G-0149,MW_SL_2627_072,MW_MW_M1,Isaac Kaliati,CAF_MW_000110,38,,1h,penalty,,facebook,,,,unconfirmed,,
MW_SL_2627_G-0150,MW_SL_2627_072,MW_MW_M1,Isaac Kaliati,CAF_MW_000110,47,,2h,,,facebook,,,,unconfirmed,,
MW_SL_2627_G-0151,MW_SL_2627_072,MW_MW_M1,Clement Nyondo,CAF_MW_000049,55,,2h,,,facebook,,,,unconfirmed,,
MW_SRFA_2627_G-0001,MW_SRFA_2627_001,MW_MS_M1,Medson Dozola,CAF_MW_000171,16,,1h,,,fa,,,,unconfirmed,,
MW_SRFA_2627_G-0002,MW_SRFA_2627_001,MW_MS_M1,Chisomo Damalankhunda,CAF_MW_000046,72,,2h,penalty,,facebook,,,,unconfirmed,,
MW_SRFA_2627_G-0003,MW_SRFA_2627_001,MW_BULL_M2,Kondwani Mhone,CAF_MW_000129,21,,1h,,,facebook,,,,unconfirmed,,
MW_SRFA_2627_G-0004,MW_SRFA_2627_001,MW_BULL_M2,Chisomo Damalankhunda,CAF_MW_000046,25,,1h,own_goal,,facebook,,,,unconfirmed,,
MW_SRFA_2627_G-0005,MW_SRFA_2627_001,MW_BULL_M2,Francis Malikebu,CAF_MW_000076,37,,1h,,,facebook,,,,unconfirmed,,
MW_SRFA_2627_G-0006,MW_SRFA_2627_002,MW_CHIR_M1,Chipiliro Afiki,CAF_MW_000044,,,,,,facebook,,,,unconfirmed,,
MW_SRFA_2627_G-0007,MW_SRFA_2627_002,MW_CHIR_M1,Darian latf,CAF_MW_000053,,,,,,facebook,,,,unconfirmed,,
MW_SRFA_2627_G-0008,MW_SRFA_2627_002,MW_MS_M1,Kwandwani Twaja,CAF_MW_000133,,,,,,facebook,,,,unconfirmed,,
MW_SRFA_2627_G-0009,MW_SRFA_2627_002,MW_MS_M1,Grecian Justin,CAF_MW_000088,,,,,,facebook,,,,unconfirmed,,
MW_SRFA_2627_G-0010,MW_SRFA_2627_003,MW_LBTY_M1,Rabison Eliot,CAF_MW_000199,82,,2h,,,fa,,,,unconfirmed,,
MW_SRFA_2627_G-0011,MW_SRFA_2627_005,MW_EFC_M2,Dominic Kayamba,CAF_MW_000055,,,,,,facebook,,,,unconfirmed,,
MW_SRFA_2627_G-0012,MW_SRFA_2627_005,MW_EFC_M2,Hastings Malinda,CAF_MW_000098,,,,,,facebook,,,,unconfirmed,,
MW_SRFA_2627_G-0013,MW_SRFA_2627_005,MW_TB_M1,Rex Chikaya,CAF_MW_000208,,,,own_goal,,fa,,,,unconfirmed,,
MW_SRFA_2627_G-0014,MW_SRFA_2627_006,MW_FCT_M1,Samson Austin,CAF_MW_000213,,,,,,,,,,unconfirmed,,
MW_SRFA_2627_G-0015,MW_SRFA_2627_006,MW_FCT_M1,Mayamiko Jimmy,CAF_MW_000168,,,,,,fa,,,,unconfirmed,,
MW_SRFA_2627_G-0016,MW_SRFA_2627_007,MW_LBTY_M1,Rabison Eliot,CAF_MW_000199,,,,penalty,,fa,,,,unconfirmed,,
MW_SRFA_2627_G-0017,MW_SRFA_2627_008,MW_TB_M1,Joseph Masamba,CAF_MW_000119,,,,own_goal,,facebook,,,,unconfirmed,,
MW_SRFA_2627_G-0018,MW_SRFA_2627_008,MW_ZU_M1,Atusaye Mwangonde,CAF_MW_000014,,,,,,facebook,,,,unconfirmed,,
MW_SRFA_2627_G-0019,MW_SRFA_2627_009,MW_NY_M1,Francis Chirwa,CAF_MW_000075,,,,,,facebook,,,,unconfirmed,,
MW_SRFA_2627_G-0020,MW_SRFA_2627_009,MW_NY_M1,Landwell Nyirenda,CAF_MW_000135,,,,,,facebook,,,,unconfirmed,,
MW_SRFA_2627_G-0021,MW_SRFA_2627_009,MW_NY_M1,Innocent Jauma,CAF_MW_000106,,,,,,facebook,,,,unconfirmed,,
MW_SRFA_2627_G-0022,MW_SRFA_2627_009,MW_NY_M1,Peter Mbowe,CAF_MW_000189,,,,,,fa,,,,unconfirmed,,
MW_SRFA_2627_G-0023,MW_SRFA_2627_010,MW_BULL_M2,Verson Mudu,CAF_MW_000240,14,,1h,,,,,,,unconfirmed,,
MW_SRFA_2627_G-0024,MW_SRFA_2627_010,MW_BULL_M2,Francis Malikebu,CAF_MW_000076,17,,1h,,,facebook,,,,unconfirmed,,
MW_SRFA_2627_G-0025,MW_SRFA_2627_010,MW_BULL_M2,Francis Malikebu,CAF_MW_000076,22,,1h,,,facebook,,,,unconfirmed,,
MW_SRFA_2627_G-0026,MW_SRFA_2627_010,MW_BULL_M2,Verson Mudu,CAF_MW_000240,50,,2h,,,,,,,unconfirmed,,
MW_SRFA_2627_G-0027,MW_SRFA_2627_010,MW_BULL_M2,Francis Malikebu,CAF_MW_000076,53,,2h,,,facebook,,,,unconfirmed,,
MW_SRFA_2627_G-0028,MW_SRFA_2627_010,MW_BULL_M2,Duncan Kumbuyo,CAF_MW_000056,76,,2h,,,facebook,,,,unconfirmed,,
MW_SRFA_2627_G-0029,MW_SRFA_2627_010,MW_MWU_M1,McMillan Mwale,CAF_MW_000170,88,,2h,,,fa,,,,unconfirmed,,
MW_SRFA_2627_G-0030,MW_SRFA_2627_012,MW_MS_M1,Feston Makanjira,CAF_MW_000073,,,,,,facebook,,,,unconfirmed,,
MW_SRFA_2627_G-0031,MW_SRFA_2627_013,MW_FCT_M1,Stuart Kalima,CAF_MW_000231,,,,,,,,,,unconfirmed,,
MW_SRFA_2627_G-0032,MW_SRFA_2627_013,MW_FCT_M1,Stuart Kalima,CAF_MW_000231,,,,,,,,,,unconfirmed,,
MW_SRFA_2627_G-0033,MW_SRFA_2627_013,MW_FCT_M1,Samson Austin,CAF_MW_000213,,,,,,,,,,unconfirmed,"=AI(""Fill an appropriate value for this cell based on the table context"")",
MW_SRFA_2627_G-0034,MW_SRFA_2627_013,MW_FCT_M1,Sambani,CAF_MW_000212,,,,own_goal,,,,,,unconfirmed,,
MW_SRFA_2627_G-0035,MW_SRFA_2627_014,MW_NFC_M1,Chikumbutso Batison,CAF_MW_000038,,,,,,facebook,,,,unconfirmed,,
MW_SRFA_2627_G-0036,MW_SRFA_2627_014,MW_TB_M1,Emmanuel Nkawa,CAF_MW_000065,,,,,,facebook,,,,unconfirmed,,
MW_SRFA_2627_G-0037,MW_SRFA_2627_014,MW_TB_M1,Brown Aman,CAF_MW_000029,,,,,,facebook,,,,unconfirmed,,
MW_SRFA_2627_G-0038,MW_SRFA_2627_014,MW_TB_M1,Yamikani Kazembe,CAF_MW_000246,,,,,,,,,,unconfirmed,,
MW_SRFA_2627_G-0039,MW_SRFA_2627_015,MW_LBTY_M1,Martin Adam,CAF_MW_000156,,,,,,fa,,,,unconfirmed,,
MW_SRFA_2627_G-0040,MW_SRFA_2627_015,MW_LBTY_M1,Martin Adam,CAF_MW_000156,,,,,,fa,,,,unconfirmed,,
MW_SRFA_2627_G-0041,MW_SRFA_2627_016,MW_CHIR_M1,Amon Fack,CAF_MW_000011,,,,,,facebook,,,,unconfirmed,,
MW_SRFA_2627_G-0042,MW_SRFA_2627_017,MW_IFC_M1,Haswell Chiwaya,CAF_MW_000100,,,,,,facebook,,,,unconfirmed,,
MW_SRFA_2627_G-0043,MW_SRFA_2627_018,MW_MW_M2,Golden Mafunga,CAF_MW_000086,,,,,,facebook,,,,unconfirmed,,
MW_SRFA_2627_G-0044,MW_SRFA_2627_018,MW_EFC_M2,Yusuf Namtunga,CAF_MW_000250,,,,,,,,,,unconfirmed,,
MW_SRFA_2627_G-0045,MW_SRFA_2627_018,MW_EFC_M2,Edson Chibalo,CAF_MW_000060,,,,,,facebook,,,,unconfirmed,,
MW_SRFA_2627_G-0046,MW_SRFA_2627_018,MW_EFC_M2,Simplex Kachingwe,CAF_MW_000223,,,,own_goal,,,,,,unconfirmed,,
MW_SRFA_2627_G-0047,MW_SRFA_2627_019,MW_MWU_M1,Yankho Mafuta,CAF_MW_000248,,,,,,,,,,unconfirmed,,
MW_SRFA_2627_G-0048,MW_SRFA_2627_019,MW_MWU_M1,Happy Mwakausi,CAF_MW_000094,,,,,,facebook,,,,unconfirmed,,
MW_SRFA_2627_G-0049,MW_SRFA_2627_020,MW_FCT_M1,Samson Austin,CAF_MW_000213,,,,,,,,,,unconfirmed,"=AI(""Fill an appropriate value for this cell based on the table context"")",
MW_SRFA_2627_G-0050,MW_SRFA_2627_020,MW_FCT_M1,Samson Austin,CAF_MW_000213,,,,,,,,,,unconfirmed,"=AI(""Fill an appropriate value for this cell based on the table context"")",
MW_SRFA_2627_G-0051,MW_SRFA_2627_020,MW_FCT_M1,Samson Austin,CAF_MW_000213,,,,,,,,,,unconfirmed,"=AI(""Fill an appropriate value for this cell based on the table context"")",
MW_SRFA_2627_G-0052,MW_SRFA_2627_020,MW_FCT_M1,Yamikani Mtalimanja,CAF_MW_000247,,,,,,,,,,unconfirmed,,
MW_SRFA_2627_G-0053,MW_SRFA_2627_020,MW_QAS_M1,Wilson Jacob,CAF_MW_000245,,,,,,,,,,unconfirmed,,
MW_SRFA_2627_G-0054,MW_SRFA_2627_021,MW_IFC_M1,Alex Mkolongo,CAF_MW_000006,,,,,,facebook,,,,unconfirmed,,
MW_SRFA_2627_G-0055,MW_SRFA_2627_022,MW_MW_M2,Amin Yusuf,CAF_MW_000010,34,,1h,,,facebook,,,,unconfirmed,,
MW_SRFA_2627_G-0056,MW_SRFA_2627_023,MW_ZU_M1,Yohane Mambo,CAF_MW_000249,,,,,,,,,,unconfirmed,,
MW_SRFA_2627_G-0057,MW_SRFA_2627_023,MW_ZU_M1,Joshua Chawinga,CAF_MW_000121,,,,,,facebook,,,,unconfirmed,,
MW_SRFA_2627_G-0058,MW_SRFA_2627_023,MW_CHIR_M1,Mathews Tivalenji,CAF_MW_000160,,,,,,fa,,,,unconfirmed,,
MW_SRFA_2627_G-0059,MW_SRFA_2627_024,MW_NY_M1,Innocent Jauma,CAF_MW_000106,,,,,,facebook,,,,unconfirmed,,
MW_SRFA_2627_G-0060,MW_SRFA_2627_025,MW_MS_M1,Kondwani Thwadya,CAF_MW_000132,,,,,,facebook,,,,unconfirmed,,
MW_SRFA_2627_G-0061,MW_SRFA_2627_025,MW_MS_M1,Frank London,CAF_MW_000078,,,,,,facebook,,,,unconfirmed,,
MW_SRFA_2627_G-0062,MW_SRFA_2627_025,MW_MWU_M1,Happy Mwakausi,CAF_MW_000094,,,,,,facebook,,,,unconfirmed,,
MW_SRFA_2627_G-0063,MW_SRFA_2627_026,MW_EFC_M2,Yusuf Namtunga,CAF_MW_000250,,,,,,,,,,unconfirmed,,
MW_SRFA_2627_G-0064,MW_SRFA_2627_026,MW_EFC_M2,Yusuf Namtunga,CAF_MW_000250,,,,,,,,,,unconfirmed,,
MW_SRFA_2627_G-0065,MW_SRFA_2627_027,MW_QAS_M1,George Makoko,CAF_MW_000082,,,,,,facebook,,,,unconfirmed,,
MW_SRFA_2627_G-0066,MW_SRFA_2627_027,MW_QAS_M1,George Makoko,CAF_MW_000082,,,,,,facebook,,,,unconfirmed,,
MW_SRFA_2627_G-0067,MW_SRFA_2627_027,MW_CFC_M1,Moses Matias,CAF_MW_000176,,,,,,fa,,,,unconfirmed,,
MW_SRFA_2627_G-0068,MW_SRFA_2627_028,MW_IFC_M1,Alex Mkolongo,CAF_MW_000006,,,,,,facebook,,,,unconfirmed,,
MW_SRFA_2627_G-0069,MW_SRFA_2627_028,MW_IFC_M1,Madalitso Chiumia,CAF_MW_000150,,,,,,fa,,,,unconfirmed,,
MW_SRFA_2627_G-0070,MW_SRFA_2627_028,MW_NFC_M1,Joel Banda,CAF_MW_000117,,,,,,facebook,,,,unconfirmed,,
MW_SRFA_2627_G-0071,MW_SRFA_2627_028,MW_NFC_M1,Chikumbutso Batison,CAF_MW_000038,,,,,,facebook,,,,unconfirmed,,
MW_SRFA_2627_G-0072,MW_SRFA_2627_029,MW_MW_M2,Amin Yusuf,CAF_MW_000010,,,,,,facebook,,,,unconfirmed,,
MW_SRFA_2627_G-0073,MW_SRFA_2627_030,MW_NFC_M1,Westin Nazombe,CAF_MW_000244,,,,,,,,,,unconfirmed,,
MW_SRFA_2627_G-0074,MW_SRFA_2627_030,MW_MWU_M1,Tafu Fole,CAF_MW_000233,,,,,,,,,,unconfirmed,,
MW_SRFA_2627_G-0075,MW_SRFA_2627_031,MW_LBTY_M1,Rabison Eliot,CAF_MW_000199,,,,,,fa,,,,unconfirmed,,
MW_SRFA_2627_G-0076,MW_SRFA_2627_031,MW_IFC_M1,Tonny Mbulu,CAF_MW_000238,,,,,,,,,,unconfirmed,,
MW_SRFA_2627_G-0077,MW_SRFA_2627_031,MW_IFC_M1,Hajap Fatch,CAF_MW_000091,,,,,,facebook,,,,unconfirmed,,
MW_SRFA_2627_G-0078,MW_SRFA_2627_032,MW_EFC_M2,Yusuf Namtunga,CAF_MW_000250,,,,,,,,,,unconfirmed,,
MW_SRFA_2627_G-0079,MW_SRFA_2627_032,MW_EFC_M2,Yusuf Namtunga,CAF_MW_000250,,,,,,,,,,unconfirmed,,
MW_SRFA_2627_G-0080,MW_SRFA_2627_032,MW_EFC_M2,Yusuf Namtunga,CAF_MW_000250,,,,,,,,,,unconfirmed,,
MW_SRFA_2627_G-0081,MW_SRFA_2627_032,MW_EFC_M2,Eckison Paul,CAF_MW_000059,,,,,,facebook,,,,unconfirmed,,
MW_SRFA_2627_G-0082,MW_SRFA_2627_032,MW_EFC_M2,Hastings Malinda,CAF_MW_000098,,,,,,facebook,,,,unconfirmed,,
MW_SRFA_2627_G-0083,MW_SRFA_2627_032,MW_EFC_M2,Grant Chibalo,CAF_MW_000087,,,,,,facebook,,,,unconfirmed,,
MW_SRFA_2627_G-0084,MW_SRFA_2627_032,MW_ZU_M1,Yohane Mambo,CAF_MW_000249,,,,,,,,,,unconfirmed,,
MW_SRFA_2627_G-0085,MW_SRFA_2627_034,MW_TB_M1,Emmanuel Mkawa,CAF_MW_000063,,,,,,facebook,,,,unconfirmed,,
MW_SRFA_2627_G-0086,MW_SRFA_2627_034,MW_TB_M1,Idrisah Juma,CAF_MW_000105,,,,,,facebook,,,,unconfirmed,,
MW_SRFA_2627_G-0087,MW_SRFA_2627_034,MW_MW_M2,Amin Yusuf,CAF_MW_000010,,,,,,facebook,,,,unconfirmed,,
MW_SRFA_2627_G-0088,MW_SRFA_2627_035,MW_NCH_M1,Samuel Patrick,CAF_MW_000215,,,,,,,,,,unconfirmed,"=AI(""Fill an appropriate value for this cell based on the table context"")",
MW_SRFA_2627_G-0089,MW_SRFA_2627_035,MW_NCH_M1,Samuel Patrick,CAF_MW_000215,,,,,,,,,,unconfirmed,"=AI(""Fill an appropriate value for this cell based on the table context"")",
MW_SRFA_2627_G-0090,MW_SRFA_2627_035,MW_QAS_M1,Owen Leo,CAF_MW_000185,,,,,,fa,,,,unconfirmed,,
MW_SRFA_2627_G-0091,MW_SRFA_2627_036,MW_FCT_M1,Stuart Kalima,CAF_MW_000231,,,,,,,,,,unconfirmed,,
MW_SRFA_2627_G-0092,MW_SRFA_2627_036,MW_FCT_M1,Samuel Austin,CAF_MW_000214,,,,,,,,,,unconfirmed,"=AI(""Fill an appropriate value for this cell based on the table context"")",
MW_SRFA_2627_G-0093,MW_SRFA_2627_036,MW_NY_M1,Benito Chikumbu,CAF_MW_000017,,,,,,facebook,,,,unconfirmed,,
MW_SRFA_2627_G-0094,MW_SRFA_2627_036,MW_NY_M1,Kelvin Chimodzi,CAF_MW_000122,,,,,,facebook,,,,unconfirmed,,
MW_SRFA_2627_G-0095,MW_SRFA_2627_037,MW_ZU_M1,Yohane Mambo,CAF_MW_000249,,,,,,,,,,unconfirmed,,
MW_SRFA_2627_G-0096,MW_SRFA_2627_037,MW_ZU_M1,Yohane Mambo,CAF_MW_000249,,,,,,,,,,unconfirmed,,
MW_SRFA_2627_G-0097,MW_SRFA_2627_037,MW_QAS_M1,George Makoko,CAF_MW_000082,,,,,,facebook,,,,unconfirmed,,
MW_SRFA_2627_G-0098,MW_SRFA_2627_038,MW_NFC_M1,Leonard Mpanje,CAF_MW_000141,,,,,,facebook,,,,unconfirmed,,
MW_SRFA_2627_G-0099,MW_SRFA_2627_038,MW_NFC_M1,Westin Nazombe,CAF_MW_000244,,,,,,,,,,unconfirmed,,
MW_SRFA_2627_G-0100,MW_SRFA_2627_038,MW_NFC_M1,Westin Nazombe,CAF_MW_000244,,,,,,,,,,unconfirmed,,
MW_SRFA_2627_G-0101,MW_SRFA_2627_038,MW_NFC_M1,Lyton Luciano,CAF_MW_000146,,,,,,placeholder,,,,unconfirmed,,
MW_SRFA_2627_G-0102,MW_SRFA_2627_038,MW_NFC_M1,Chikumbutso Burton,CAF_MW_000040,,,,,,facebook,,,,unconfirmed,,
MW_SRFA_2627_G-0103,MW_SRFA_2627_038,MW_NFC_M1,Chikumbutso Burton,CAF_MW_000040,,,,,,facebook,,,,unconfirmed,,
MW_SRFA_2627_G-0104,MW_SRFA_2627_038,MW_EFC_M2,Yusuf Namtunga,CAF_MW_000250,,,,,,,,,,unconfirmed,,
MW_SRFA_2627_G-0105,MW_SRFA_2627_038,MW_EFC_M2,Yusuf Namtunga,CAF_MW_000250,,,,,,,,,,unconfirmed,,
MW_SRFA_2627_G-0106,MW_SRFA_2627_039,MW_NY_M1,Innocent Jauma,CAF_MW_000106,,,,,,facebook,,,,unconfirmed,,
MW_SRFA_2627_G-0126,MW_SRFA_2627_051,MW_CFC_M1,Nicholas Oscar,CAF_MW_000255,,,,,,facebook,https://www.facebook.com/share/p/1DWDd62bbU/,,,confirmed,,
MW_SRFA_2627_G-0107,MW_SRFA_2627_040,MW_CFC_M1,Philip Kagona,CAF_MW_000191,,,,,,fa,,,,unconfirmed,,
MW_SRFA_2627_G-0127,MW_SRFA_2627_049,MW_EFC_M2,Hestings Malinda,CAF_MW_000256,,,,,,,,,,confirmed,,
MW_SRFA_2627_G-0108,MW_SRFA_2627_040,MW_LBTY_M1,Mario Mkhoma,CAF_MW_000154,,,,,,fa,,,,unconfirmed,,
MW_SRFA_2627_G-0128,MW_SRFA_2627_049,MW_EFC_M2,Kenneth Mwale,CAF_MW_000257,,,,,,,,,,confirmed,,
MW_SRFA_2627_G-0109,MW_SRFA_2627_041,MW_NCH_M1,Pilirani Banda,CAF_MW_000194,,,,,,fa,,,,unconfirmed,,
MW_SRFA_2627_G-0129,MW_SRFA_2627_049,MW_EFC_M2,Eckison Paul,CAF_MW_000258,,,,,,,,,,confirmed,,
MW_SRFA_2627_G-0110,MW_SRFA_2627_041,MW_NCH_M1,Blessings Gustina,CAF_MW_000019,,,,,,facebook,,,,unconfirmed,,
MW_SRFA_2627_G-0130,MW_SRFA_2627_048,MW_LBTY_M1,Mario Mkhoma,CAF_MW_000154,,,,,,,,,,confirmed,,
MW_SRFA_2627_G-0111,MW_SRFA_2627_042,MW_IFC_M1,Hajap Fatch,CAF_MW_000091,,,,,,facebook,,,,unconfirmed,,
MW_SRFA_2627_G-0131,MW_SRFA_2627_048,MW_LBTY_M1,Richard Chirwa,CAF_MW_000259,,,,,,,,,,confirmed,,
MW_SRFA_2627_G-0112,MW_SRFA_2627_043,MW_MW_M2,Steve Malemba,CAF_MW_000228,,,,,,,,,,confirmed,,
MW_SRFA_2627_G-0132,MW_SRFA_2627_048,MW_QAS_M1,George Makoko,CAF_MW_000260,,,,,,,,,,confirmed,,
MW_SRFA_2627_G-0113,MW_SRFA_2627_043,MW_MW_M2,Steve Palemeza Jr,CAF_MW_000230,,,,,,,,,,confirmed,,
MW_SRFA_2627_G-0133,MW_SRFA_2627_048,MW_QAS_M1,Peter Blair,CAF_MW_000261,,,,,,,,,,confirmed,,
MW_SRFA_2627_G-0114,MW_SRFA_2627_043,MW_MS_M1,Gerson Justin,CAF_MW_000084,,,,,,facebook,,,,confirmed,,
MW_SRFA_2627_G-0134,MW_SRFA_2627_053,MW_IFC_M1,Gift Sato,CAF_MW_000262,,,,,,,,,,confirmed,,
MW_SRFA_2627_G-0115,MW_SRFA_2627_043,MW_MS_M1,Chisomo Damalankhunda,CAF_MW_000046,,,,,,facebook,,,,confirmed,,
MW_SRFA_2627_G-0135,MW_SRFA_2627_053,MW_IFC_M1,Prino Dickson,CAF_MW_000263,,,,,,,,,,confirmed,,
MW_SRFA_2627_G-0116,MW_SRFA_2627_043,MW_MS_M1,Jimmy Banda,CAF_MW_000116,,,,,,facebook,,,,confirmed,,
MW_SRFA_2627_G-0136,MW_SRFA_2627_053,MW_MWU_M1,Alex Thyangathyanga,CAF_MW_000264,,,,,,,,,,confirmed,,
MW_SRFA_2627_G-0117,MW_SRFA_2627_044,MW_FCT_M1,Samuel Austin,CAF_MW_000214,,,,,,,,,,confirmed,"=AI(""Fill an appropriate value for this cell based on the table context"")",
MW_SRFA_2627_G-0137,MW_SRFA_2627_053,MW_MWU_M1,Mike Chabisala,CAF_MW_000265,,,,,,,,,,confirmed,,
MW_SRFA_2627_G-0118,MW_SRFA_2627_045,MW_IFC_M1,Tonny Mbulu,CAF_MW_000238,,,,,,,,,,confirmed,,
MW_SRFA_2627_G-0138,MW_SRFA_2627_052,MW_BULL_M2,Enos Hendeman,CAF_MW_000266,,,,,,,,,,confirmed,,
MW_SRFA_2627_G-0119,MW_SRFA_2627_045,MW_IFC_M1,Hajap Fatch,CAF_MW_000091,,,,,,facebook,,,,confirmed,,
MW_SRFA_2627_G-0139,MW_SRFA_2627_052,MW_BULL_M2,Jazeel Banet,CAF_MW_000267,,,,,,,,,,confirmed,,
MW_SRFA_2627_G-0120,MW_SRFA_2627_045,MW_BULL_M2,Mathews Nkunika,CAF_MW_000159,,,,,,fa,,,,confirmed,,
MW_SRFA_2627_G-0140,MW_SRFA_2627_055,MW_NY_M1,Eric Sadia,CAF_MW_000268,,,,,,,,,,confirmed,,
MW_SRFA_2627_G-0121,MW_SRFA_2627_046,MW_NY_M1,Randwell Nyirenda,CAF_MW_000206,28,,1h,,,fa,,,,confirmed,,
MW_SRFA_2627_G-0141,MW_SRFA_2627_055,MW_MW_M2,Chastry Kandiado,CAF_MW_000269,,,,,,,,,,confirmed,,
MW_SRFA_2627_G-0122,MW_SRFA_2627_046,MW_NY_M1,Eric Sadia,CAF_MW_000070,62,,2h,,,facebook,,,,confirmed,,
MW_SRFA_2627_G-0123,MW_SRFA_2627_047,MW_NCH_M1,Pilirani Banda,CAF_MW_000194,,,,,,fa,,,,confirmed,,
MW_SRFA_2627_G-0124,MW_SRFA_2627_047,MW_NCH_M1,Pemphero Nseula,CAF_MW_000188,,,,,,fa,,,,confirmed,,
MW_SRFA_2627_G-0125,MW_SRFA_2627_047,MW_CHIR_M1,Luke Ntope,CAF_MW_000144,,,,,,placeholder,,,,confirmed,,