match_id,competition_id,season_id,stage,matchday,date,kickoff,venue_id,home_team_id,away_team_id,home_goals,away_goals,status,awarded_note,source_type,source_ref,reported_by,reported_at,confidence,verified_by,verified_at
MW_CRFA_2627_001,MW_CRFA,MW_2026_27,md_1,1,2026-06-07,,MW_MCJ_003,MW_MV_M1,MW_MCHS_M1,0,0,played,,facebook,,,,confirmed,,
MW_CRFA_2627_002,MW_CRFA,MW_2026_27,md_1,1,2026-06-28,,MW_KAS_001,MW_TNS_M1,MW_MC_M1,1,1,played,,facebook,,,,confirmed,,
MW_CRFA_2627_003,MW_CRFA,MW_2026_27,md_1,1,2026-06-28,,MW_MCJ_003,MW_MCHS_M1,MW_MPFC_M1,2,0,played,,facebook,,,,confirmed,,
MW_CRFA_2627_004,MW_CRFA,MW_2026_27,md_1,1,2026-06-28,,MW_DOW_001,MW_KFC_M1,MW_NAA_M1,2,1,played,,facebook,,,,confirmed,,
MW_CRFA_2627_005,MW_CRFA,MW_2026_27,md_1,1,2026-06-28,,MW_MP_002,MW_SA_M1,MW_LFC_M1,3,1,played,,facebook,,,,confirmed,,
MW_CRFA_2627_006,MW_CRFA,MW_2026_27,md_1,1,2026-06-28,,MW_ADL_G,MW_SS_M2,MW_MV_M1,1,1,played,,facebook,,,,confirmed,,
MW_CRFA_2627_007,MW_CRFA,MW_2026_27,md_1,1,2026-07-01,,MW_BLUE_G,MW_MU_M1,MW_BLUE_M2,2,4,played,,facebook,,,,confirmed,,
MW_CRFA_2627_008,MW_CRFA,MW_2026_27,md_1,1,2026-07-02,,MW_UPPER_B,MW_PFC_M1,MW_AB_M1,1,1,played,,facebook,,,,confirmed,,
MW_KU19_2627_001,MW_KU19,MW_2026_27,md_1,1,,,,MW_YY_MU19,MW_BULL_U19,0,3,played,,facebook,,,,confirmed,,
MW_KU19_2627_002,MW_KU19,MW_2026_27,md_1,1,,,,MW_MM_MU19,MW_CCS_MU19,1,1,played,,facebook,,,,confirmed,,
MW_KU19_2627_003,MW_KU19,MW_2026_27,md_1,1,,,,MW_A_MU19,MW_MW_U19,0,5,played,,facebook,,,,confirmed,,
MW_KU19_2627_004,MW_KU19,MW_2026_27,md_1,1,,,,MW_GS_MU19,MW_NU_MU19,1,1,played,,facebook,,,,confirmed,,
MW_KU19_2627_005,MW_KU19,MW_2026_27,md_1,1,,,,MW_BIA_MU19,MW_EFC_U19,1,1,played,,facebook,,,,confirmed,,
MW_KU19_2627_006,MW_KU19,MW_2026_27,md_1,1,,,,MW_AS_MU19,MW_RU_MU19,2,0,played,,facebook,,,,confirmed,,
MW_KU19_2627_007,MW_KU19,MW_2026_27,md_1,1,,,,MW_ND_MU19,MW_SM_MU19,1,3,played,,facebook,,,,confirmed,,
MW_KU19_2627_008,MW_KU19,MW_2026_27,md_2,2,,,,MW_AS_MU19,MW_BIA_MU19,,,scheduled,,facebook,,,,confirmed,,
MW_KU19_2627_009,MW_KU19,MW_2026_27,md_2,2,2026-07-11,,,MW_RU_MU19,MW_NU_MU19,0,3,played,,facebook,https://www.facebook.com/share/p/18zw1NJLEU/,,2026-07-16,confirmed,,
MW_KU19_2627_010,MW_KU19,MW_2026_27,md_2,2,2026-07-11,,,MW_EFC_U19,MW_MM_MU19,1,0,played,,facebook,https://www.facebook.com/share/p/18zw1NJLEU/,,2026-07-16,confirmed,,
MW_KU19_2627_011,MW_KU19,MW_2026_27,md_2,2,,,,MW_EH_MU19,MW_CCS_MU19,,,scheduled,,facebook,,,,confirmed,,
MW_KU19_2627_012,MW_KU19,MW_2026_27,md_2,2,2026-07-11,,,MW_A_MU19,MW_SM_MU19,0,2,played,,facebook,https://www.facebook.com/share/p/18zw1NJLEU/,,2026-07-16,confirmed,,
MW_KU19_2627_013,MW_KU19,MW_2026_27,md_2,2,,,,MW_YY_MU19,MW_MW_U19,,,scheduled,,facebook,,,,confirmed,,
MW_KU19_2627_014,MW_KU19,MW_2026_27,md_2,2,2026-07-11,,,MW_GS_MU19,MW_BULL_U19,0,2,played,,facebook,https://www.facebook.com/share/p/18zw1NJLEU/,,2026-07-16,confirmed,,
MW_NDL_2627_001,MW_NDL,MW_2026_27,md_1,1,2026-05-10,,MW_MCJ_002,MW_NZ_M1,MW_EXFC_M1,0,1,played,,facebook,,,,confirmed,,
MW_NDL_2627_002,MW_NDL,MW_2026_27,md_1,1,2026-05-16,,MW_RU_001,MW_MCH_M1,MW_BAS_M1,2,1,played,,facebook,,,,confirmed,,
MW_NDL_2627_003,MW_NDL,MW_2026_27,md_1,1,2026-05-16,,MW_Z_001,MW_CB_M1,MW_EU_M1,0,1,played,,facebook,,,,confirmed,,
MW_NDL_2627_004,MW_NDL,MW_2026_27,md_1,1,2026-05-17,,MW_BAL_001,MW_NU_M1,MW_SBU_M1,2,2,played,,facebook,,,,confirmed,,
MW_NDL_2627_005,MW_NDL,MW_2026_27,md_1,1,2026-05-17,,MW_B_001,MW_MT_M1,MW_CBWE_M1,3,2,played,,facebook,,,,confirmed,,
MW_NDL_2627_006,MW_NDL,MW_2026_27,md_1,1,2026-05-17,,MW_MU_001,MW_FFC_M1,MW_NS_M1,0,0,played,,facebook,,,,confirmed,,
MW_NDL_2627_007,MW_NDL,MW_2026_27,md_2,2,2026-05-22,,MW_B_001,MW_CBWE_M1,MW_FFC_M1,0,0,played,,facebook,,,,confirmed,,
MW_NDL_2627_008,MW_NDL,MW_2026_27,md_2,2,2026-05-23,,MW_B_002,MW_NS_M1,MW_NZ_M1,2,1,played,,facebook,,,,confirmed,,
MW_NDL_2627_009,MW_NDL,MW_2026_27,md_2,2,2026-05-23,,MW_KAR_001,MW_SBU_M1,MW_MCH_M1,1,0,played,,facebook,,,,confirmed,,
MW_NDL_2627_010,MW_NDL,MW_2026_27,md_2,2,2026-05-24,,MW_B_001,MW_BAS_M1,MW_MT_M1,2,2,played,,facebook,,,,confirmed,,
MW_NDL_2627_011,MW_NDL,MW_2026_27,md_2,2,2026-05-24,,MW_RU_001,MW_EU_M1,MW_NU_M1,2,1,played,,facebook,,,,confirmed,,
MW_NDL_2627_012,MW_NDL,MW_2026_27,md_2,2,2026-05-24,,MW_MCJ_002,MW_EXFC_M1,MW_CB_M1,3,0,played,,facebook,,,,confirmed,,
MW_NDL_2627_013,MW_NDL,MW_2026_27,md_3,3,2026-05-30,,MW_RU_001,MW_MCH_M1,MW_EU_M1,0,0,played,,facebook,,,,confirmed,,
MW_NDL_2627_014,MW_NDL,MW_2026_27,md_3,3,2026-05-30,,MW_KAR_001,MW_SBU_M1,MW_BAS_M1,2,1,played,,facebook,,,,confirmed,,
MW_NDL_2627_015,MW_NDL,MW_2026_27,md_3,3,2026-05-30,,MW_Z_001,MW_CB_M1,MW_NS_M1,2,4,played,,facebook,,,,confirmed,,
MW_NDL_2627_016,MW_NDL,MW_2026_27,md_3,3,2026-05-31,,MW_MU_001,MW_FFC_M1,MW_MT_M1,1,0,played,,facebook,,,,confirmed,,
MW_NDL_2627_017,MW_NDL,MW_2026_27,md_3,3,2026-05-31,,MW_BAL_001,MW_NU_M1,MW_EXFC_M1,2,1,played,,facebook,,,,confirmed,,
MW_NDL_2627_018,MW_NDL,MW_2026_27,md_3,3,2026-06-07,,MW_MCJ_002,MW_NZ_M1,MW_CBWE_M1,1,2,played,,facebook,,,,confirmed,,
MW_NDL_2627_019,MW_NDL,MW_2026_27,md_4,4,2026-06-12,,MW_B_001,MW_BAS_M1,MW_FFC_M1,1,1,played,,facebook,,,,confirmed,,
MW_NDL_2627_020,MW_NDL,MW_2026_27,md_4,4,2026-06-13,,MW_RU_001,MW_EU_M1,MW_SBU_M1,1,2,played,,facebook,,,,confirmed,,
MW_NDL_2627_021,MW_NDL,MW_2026_27,md_4,4,2026-06-13,,MW_Z_001,MW_MT_M1,MW_NZ_M1,0,2,played,,facebook,,,,confirmed,,
MW_NDL_2627_022,MW_NDL,MW_2026_27,md_4,4,2026-06-13,,MW_B_001,MW_CBWE_M1,MW_CB_M1,2,2,played,,facebook,,,,confirmed,,
MW_NDL_2627_023,MW_NDL,MW_2026_27,md_4,4,2026-06-14,,MW_MCJ_002,MW_EXFC_M1,MW_MCH_M1,3,2,played,,facebook,,,,confirmed,,
MW_NDL_2627_024,MW_NDL,MW_2026_27,md_4,4,2026-06-15,,MW_B_001,MW_NS_M1,MW_NU_M1,0,0,played,,facebook,,,,confirmed,,
MW_NDL_2627_025,MW_NDL,MW_2026_27,md_5,5,2026-06-19,,MW_RU_001,MW_EU_M1,MW_BAS_M1,2,0,played,,facebook,,,,confirmed,,
MW_NDL_2627_026,MW_NDL,MW_2026_27,md_5,5,2026-06-20,,MW_RU_001,MW_MCH_M1,MW_NS_M1,2,1,played,,facebook,,,,confirmed,,
MW_NDL_2627_027,MW_NDL,MW_2026_27,md_5,5,2026-06-21,,MW_Z_001,MW_CB_M1,MW_MT_M1,3,3,played,,facebook,,,,confirmed,,
MW_NDL_2627_028,MW_NDL,MW_2026_27,md_5,5,2026-06-21,,MW_MCJ_002,MW_NZ_M1,MW_FFC_M1,1,1,played,,facebook,,,,confirmed,,
MW_NDL_2627_029,MW_NDL,MW_2026_27,md_5,5,2026-06-21,,MW_KAR_001,MW_SBU_M1,MW_EXFC_M1,3,1,played,,facebook,,,,confirmed,,
MW_NDL_2627_030,MW_NDL,MW_2026_27,md_5,5,2026-06-21,,MW_BAL_001,MW_NU_M1,MW_CBWE_M1,1,0,played,,facebook,,,,confirmed,,
MW_NDL_2627_031,MW_NDL,MW_2026_27,md_6,6,2026-06-26,,MW_B_001,MW_BAS_M1,MW_NZ_M1,0,1,played,,facebook,,,,confirmed,,
MW_NDL_2627_032,MW_NDL,MW_2026_27,md_6,6,2026-06-27,,MW_Z_001,MW_NS_M1,MW_SBU_M1,1,0,played,,facebook,,,,confirmed,,
MW_NDL_2627_033,MW_NDL,MW_2026_27,md_6,6,2026-06-27,,MW_B_001,MW_MT_M1,MW_NU_M1,0,0,played,,facebook,,,,confirmed,,
MW_NDL_2627_034,MW_NDL,MW_2026_27,md_6,6,2026-06-28,,MW_MU_001,MW_FFC_M1,MW_CB_M1,0,0,played,,facebook,,,,confirmed,,
MW_NDL_2627_035,MW_NDL,MW_2026_27,md_6,6,2026-06-28,,MW_MCJ_002,MW_EXFC_M1,MW_EU_M1,2,1,played,,facebook,,,,confirmed,,
MW_NDL_2627_036,MW_NDL,MW_2026_27,md_6,6,2026-07-01,,MW_B_001,MW_CBWE_M1,MW_MCH_M1,3,0,played,,facebook,,,,confirmed,,
MW_NDL_2627_037,MW_NDL,MW_2026_27,md_7,7,2026-07-04,,MW_MZ_001,MW_EU_M1,MW_NS_M1,2,1,played,,facebook,,,,confirmed,,
MW_NDL_2627_038,MW_NDL,MW_2026_27,md_7,7,2026-07-04,,MW_Z_001,MW_CB_M1,MW_NZ_M1,1,1,played,,facebook,,,,confirmed,,
MW_NDL_2627_039,MW_NDL,MW_2026_27,md_7,7,2026-07-05,,MW_MCJ_002,MW_EXFC_M1,MW_BAS_M1,1,0,played,,facebook,,,,confirmed,,
MW_NDL_2627_040,MW_NDL,MW_2026_27,md_7,7,2026-07-05,,MW_BAL_001,MW_NU_M1,MW_FFC_M1,1,2,played,,facebook,,,,confirmed,,
MW_NDL_2627_041,MW_NDL,MW_2026_27,md_7,7,2026-07-05,,MW_KAR_001,MW_SBU_M1,MW_CBWE_M1,2,0,played,,facebook,,,,confirmed,,
MW_NDL_2627_042,MW_NDL,MW_2026_27,md_7,7,2026-07-05,,MW_RU_001,MW_MCH_M1,MW_MT_M1,4,0,played,,facebook,,,,confirmed,,
MW_NRFA_2627_001,MW_NRFA,MW_2026_27,md_1,1,2026-07-04,,MW_CWZA_G,MW_CHIN_M1,MW_MAFU_M1,2,2,played,,facebook,,,,confirmed,,
MW_NRFA_2627_002,MW_NRFA,MW_2026_27,md_1,1,2026-07-14,14:30:00,MW_CHITE_G,MW_CZU_M1,MW_CAS_M1,3,1,played,,facebook,https://www.facebook.com/share/p/18uEhFeVVz/,,2026-07-16 2:02,confirmed,,
MW_NRFA_2627_004,MW_NRFA,MW_2026_27,md_1,1,2026-07-11,,MW_BOTA_G,MW_VSA_M1,MW_RFC_M1,4,3,played,,facebook,,,,confirmed,,
MW_NRFA_2627_003,MW_NRFA,MW_2026_27,md_1,1,2026-07-11,,MW_CHIB_G,MW_CRS_M1,MW_LUMA_M1,3,0,played,,facebook,,,,confirmed,,
MW_NRFA_2627_005,MW_NRFA,MW_2026_27,md_1,1,2026-07-12,,MW_MAJA_G,MW_CHB_M1,MW_EKW_M1,2,1,played,,facebook,https://www.facebook.com/share/p/1QHBYY6coH/,,,confirmed,,
MW_NRFA_2627_006,MW_NRFA,MW_2026_27,md_1,1,2026-07-12,,MW_CBJ_G,MW_MMW_M1,MW_EV_M1,2,1,played,,facebook,https://www.facebook.com/share/p/1QHBYY6coH/,,,confirmed,,
MW_NRFA_2627_007,MW_NRFA,MW_2026_27,md_1,1,2026-07-12,,MW_LUVI_G,MW_LVFC_M1,MW_JU_M1,0,1,played,,facebook,https://www.facebook.com/share/p/1QHBYY6coH/,,,confirmed,,
MW_SL_2627_001,MW_SL,MW_2026_27,md_1,1,2026-04-25,,MW_L_001,MW_CSU_M1,MW_BULL_M1,2,2,played,,facebook,,,,confirmed,,
MW_SL_2627_002,MW_SL,MW_2026_27,md_1,1,2026-04-25,,MW_RU_001,MW_MB_M1,MW_DD_M1,0,0,played,,facebook,,,,confirmed,,
MW_SL_2627_003,MW_SL,MW_2026_27,md_1,1,2026-04-25,,MW_MP_001,MW_KB_M1,MW_SS_M1,0,2,played,,facebook,,,,confirmed,,
MW_SL_2627_004,MW_SL,MW_2026_27,md_1,1,2026-04-26,,MW_MP_001,MW_MAFC_M1,MW_LM_M1,1,1,played,,facebook,,,,confirmed,,
MW_SL_2627_005,MW_SL,MW_2026_27,md_1,1,2026-04-26,,MW_Z_001,MW_REDL_M1,MW_CS_M1,1,1,played,,facebook,,,,confirmed,,
MW_SL_2627_006,MW_SL,MW_2026_27,md_1,1,2026-04-26,,MW_L_002,MW_BLUE_M1,MW_EFC_M1,2,1,played,,facebook,,,,confirmed,,
MW_SL_2627_007,MW_SL,MW_2026_27,md_1,1,2026-04-26,,MW_L_003,MW_MFC_M1,MW_CU_M1,1,0,played,,facebook,,,,confirmed,,
MW_SL_2627_008,MW_SL,MW_2026_27,md_1,1,2026-05-27,,MW_B_001,MW_MW_M1,MW_KU_M1,4,1,played,,facebook,,,,confirmed,,
MW_SL_2627_009,MW_SL,MW_2026_27,md_2,2,2026-05-02,,MW_D_001,MW_LM_M1,MW_KB_M1,1,0,played,,facebook,,,,confirmed,,
MW_SL_2627_010,MW_SL,MW_2026_27,md_2,2,2026-05-02,,MW_B_002,MW_EFC_M1,MW_REDL_M1,1,1,played,,facebook,,,,confirmed,,
MW_SL_2627_011,MW_SL,MW_2026_27,md_2,2,2026-05-02,,MW_L_004,MW_SS_M1,MW_MB_M1,4,1,played,,facebook,,,,confirmed,,
MW_SL_2627_012,MW_SL,MW_2026_27,md_2,2,2026-05-02,,MW_CHI_001,MW_CU_M1,MW_BLUE_M1,1,0,played,,facebook,,,,confirmed,,
MW_SL_2627_013,MW_SL,MW_2026_27,md_2,2,2026-05-03,,MW_MCJ_001,MW_CS_M1,MW_MW_M1,1,2,played,,facebook,,,,confirmed,,
MW_SL_2627_014,MW_SL,MW_2026_27,md_2,2,2026-05-03,,MW_MW_001,MW_BULL_M1,MW_MAFC_M1,1,0,played,,facebook,,,,confirmed,,
MW_SL_2627_015,MW_SL,MW_2026_27,md_2,2,2026-05-03,,MW_D_001,MW_DD_M1,MW_CSU_M1,0,1,played,,facebook,,,,confirmed,,
MW_SL_2627_016,MW_SL,MW_2026_27,md_2,2,2026-05-03,,MW_KAR_001,MW_KU_M1,MW_MFC_M1,1,2,played,,facebook,,,,confirmed,,
MW_SL_2627_017,MW_SL,MW_2026_27,md_3,3,2026-05-09,,MW_L_001,MW_CSU_M1,MW_EFC_M1,1,0,played,,facebook,,,,confirmed,,
MW_SL_2627_018,MW_SL,MW_2026_27,md_3,3,2026-05-09,,MW_MP_001,MW_MAFC_M1,MW_CS_M1,0,0,played,,facebook,,,,confirmed,,
MW_SL_2627_019,MW_SL,MW_2026_27,md_3,3,2026-05-09,,MW_RU_001,MW_MB_M1,MW_CU_M1,3,2,played,,facebook,,,,confirmed,,
MW_SL_2627_020,MW_SL,MW_2026_27,md_3,3,2026-05-10,,MW_L_001,MW_BLUE_M1,MW_SS_M1,1,0,played,,facebook,,,,confirmed,,
MW_SL_2627_021,MW_SL,MW_2026_27,md_3,3,2026-05-10,,MW_MP_001,MW_KB_M1,MW_KU_M1,1,1,played,,facebook,,,,confirmed,,
MW_SL_2627_022,MW_SL,MW_2026_27,md_3,3,2026-05-10,,MW_Z_001,MW_REDL_M1,MW_DD_M1,3,0,played,,facebook,,,,confirmed,,
MW_SL_2627_023,MW_SL,MW_2026_27,md_3,3,2026-05-10,,MW_L_003,MW_MW_M1,MW_BULL_M1,1,2,played,,facebook,,,,confirmed,,
MW_SL_2627_024,MW_SL,MW_2026_27,md_3,3,2026-05-11,,MW_L_003,MW_MFC_M1,MW_LM_M1,2,0,played,,facebook,,,,confirmed,,
MW_SL_2627_025,MW_SL,MW_2026_27,md_4,4,2026-05-16,,MW_MCJ_001,MW_CS_M1,MW_KB_M1,1,3,played,,facebook,,,,confirmed,,
MW_SL_2627_026,MW_SL,MW_2026_27,md_4,4,2026-05-16,,MW_MCJ_001,MW_LM_M1,MW_MW_M1,0,2,played,,facebook,,,,confirmed,,
MW_SL_2627_027,MW_SL,MW_2026_27,md_4,4,2026-05-16,,MW_B_002,MW_EFC_M1,MW_MB_M1,2,0,played,,facebook,,,,confirmed,,
MW_SL_2627_028,MW_SL,MW_2026_27,md_4,4,2026-05-16,,MW_CHI_001,MW_CU_M1,MW_CSU_M1,1,0,played,,facebook,,,,confirmed,,
MW_SL_2627_029,MW_SL,MW_2026_27,md_4,4,2026-05-17,,MW_MW_001,MW_BULL_M1,MW_REDL_M1,0,0,played,,facebook,,,,confirmed,,
MW_SL_2627_030,MW_SL,MW_2026_27,md_4,4,2026-05-17,,MW_L_004,MW_SS_M1,MW_MFC_M1,3,0,played,,facebook,,,,confirmed,,
MW_SL_2627_031,MW_SL,MW_2026_27,md_4,4,2026-05-17,,MW_KAR_001,MW_KU_M1,MW_MAFC_M1,1,1,played,,facebook,,,,confirmed,,
MW_SL_2627_032,MW_SL,MW_2026_27,md_4,4,2026-05-17,,MW_D_001,MW_DD_M1,MW_BLUE_M1,0,2,played,,facebook,,,,confirmed,,
MW_SL_2627_033,MW_SL,MW_2026_27,md_5,5,2026-05-23,,MW_Z_001,MW_REDL_M1,MW_LM_M1,1,0,played,,facebook,,,,confirmed,,
MW_SL_2627_034,MW_SL,MW_2026_27,md_5,5,2026-05-23,,MW_RU_001,MW_MB_M1,MW_CS_M1,1,0,played,,facebook,,,,confirmed,,
MW_SL_2627_035,MW_SL,MW_2026_27,md_5,5,2026-05-23,,MW_L_001,MW_BLUE_M1,MW_BULL_M1,1,1,played,,facebook,,,,confirmed,,
MW_SL_2627_036,MW_SL,MW_2026_27,md_5,5,2026-05-23,,MW_MP_001,MW_KB_M1,MW_EFC_M1,1,4,played,,facebook,,,,confirmed,,
MW_SL_2627_037,MW_SL,MW_2026_27,md_5,5,2026-05-24,,MW_MP_001,MW_MAFC_M1,MW_CU_M1,2,0,played,,facebook,,,,confirmed,,
MW_SL_2627_038,MW_SL,MW_2026_27,md_5,5,2026-05-24,,MW_L_001,MW_CSU_M1,MW_KU_M1,0,1,played,,facebook,,,,confirmed,,
MW_SL_2627_039,MW_SL,MW_2026_27,md_5,5,2026-05-24,,MW_Z_001,MW_MW_M1,MW_SS_M1,0,0,played,,facebook,,,,confirmed,,
MW_SL_2627_040,MW_SL,MW_2026_27,md_5,5,2026-05-24,,MW_L_003,MW_MFC_M1,MW_DD_M1,4,0,played,,facebook,,,,confirmed,,
MW_SL_2627_041,MW_SL,MW_2026_27,md_6,6,2026-05-30,,MW_L_004,MW_SS_M1,MW_MAFC_M1,1,0,played,,facebook,,,,confirmed,,
MW_SL_2627_042,MW_SL,MW_2026_27,md_6,6,2026-05-30,,MW_B_002,MW_EFC_M1,MW_MFC_M1,2,0,played,,facebook,,,,confirmed,,
MW_SL_2627_043,MW_SL,MW_2026_27,md_6,6,2026-05-30,,MW_MCJ_001,MW_LM_M1,MW_CSU_M1,3,0,played,,facebook,,,,confirmed,,
MW_SL_2627_044,MW_SL,MW_2026_27,md_6,6,2026-05-30,,MW_MCJ_001,MW_CS_M1,MW_BLUE_M1,0,2,played,,facebook,,,,confirmed,,
MW_SL_2627_045,MW_SL,MW_2026_27,md_6,6,2026-05-31,,MW_CHI_001,MW_CU_M1,MW_MW_M1,0,4,played,,facebook,,,,confirmed,,
MW_SL_2627_046,MW_SL,MW_2026_27,md_6,6,2026-05-31,,MW_MW_001,MW_BULL_M1,MW_MB_M1,1,1,played,,facebook,,,,confirmed,,
MW_SL_2627_047,MW_SL,MW_2026_27,md_6,6,2026-05-31,,MW_KAR_001,MW_KU_M1,MW_REDL_M1,1,0,played,,facebook,,,,confirmed,,
MW_SL_2627_048,MW_SL,MW_2026_27,md_6,6,2026-05-31,,MW_D_001,MW_DD_M1,MW_KB_M1,1,0,played,,facebook,,,,confirmed,,
MW_SL_2627_049,MW_SL,MW_2026_27,md_7,7,2026-06-20,,MW_B_001,MW_MW_M1,MW_EFC_M1,1,1,played,,facebook,,,,confirmed,,
MW_SL_2627_050,MW_SL,MW_2026_27,md_7,7,2026-06-20,,MW_L_001,MW_CSU_M1,MW_SS_M1,1,1,played,,facebook,,,,confirmed,,
MW_SL_2627_051,MW_SL,MW_2026_27,md_7,7,2026-06-20,,MW_MAF_001,MW_MAFC_M1,MW_DD_M1,3,0,played,,facebook,,,,confirmed,,
MW_SL_2627_052,MW_SL,MW_2026_27,md_7,7,2026-06-21,,MW_L_001,MW_KB_M1,MW_BULL_M1,1,2,played,,facebook,,,,confirmed,,
MW_SL_2627_053,MW_SL,MW_2026_27,md_7,7,2026-06-21,,MW_L_002,MW_BLUE_M1,MW_KU_M1,3,2,played,,facebook,,,,confirmed,,
MW_SL_2627_054,MW_SL,MW_2026_27,md_7,7,2026-06-21,,MW_RU_001,MW_MB_M1,MW_LM_M1,2,0,played,,facebook,,,,confirmed,,
MW_SL_2627_055,MW_SL,MW_2026_27,md_7,7,2026-06-21,,MW_Z_001,MW_REDL_M1,MW_CU_M1,1,0,played,,facebook,,,,confirmed,,
MW_SL_2627_056,MW_SL,MW_2026_27,md_7,7,2026-06-21,,MW_L_003,MW_MFC_M1,MW_CS_M1,1,3,played,,facebook,,,,confirmed,,
MW_SL_2627_057,MW_SL,MW_2026_27,md_8,8,2026-06-27,,MW_D_001,MW_LM_M1,MW_BLUE_M1,3,2,played,,facebook,,,,confirmed,,
MW_SL_2627_058,MW_SL,MW_2026_27,md_8,8,2026-06-27,,MW_CHI_001,MW_CU_M1,MW_KB_M1,2,1,played,,facebook,,,,confirmed,,
MW_SL_2627_059,MW_SL,MW_2026_27,md_8,8,2026-06-28,,MW_MCJ_001,MW_CS_M1,MW_CSU_M1,0,1,played,,facebook,,,,confirmed,,
MW_SL_2627_060,MW_SL,MW_2026_27,md_8,8,2026-06-28,,MW_L_004,MW_SS_M1,MW_REDL_M1,3,0,played,,facebook,,,,confirmed,,
MW_SL_2627_061,MW_SL,MW_2026_27,md_8,8,2026-06-28,,MW_KAR_001,MW_KU_M1,MW_MB_M1,0,0,played,,facebook,,,,confirmed,,
MW_SL_2627_062,MW_SL,MW_2026_27,md_8,8,2026-06-28,,MW_D_001,MW_DD_M1,MW_MW_M1,1,1,played,,facebook,,,,confirmed,,
MW_SL_2627_063,MW_SL,MW_2026_27,md_8,8,2026-06-28,,MW_B_001,MW_EFC_M1,MW_MAFC_M1,1,0,played,,facebook,,,,confirmed,,
MW_SL_2627_064,MW_SL,MW_2026_27,md_8,8,2026-06-29,,MW_B_001,MW_BULL_M1,MW_MFC_M1,1,0,played,,facebook,,,,confirmed,,
MW_SL_2627_065,MW_SL,MW_2026_27,md_9,9,2026-07-04,,MW_MW_001,MW_BULL_M1,MW_CS_M1,2,0,played,,facebook,,,,confirmed,,
MW_SL_2627_066,MW_SL,MW_2026_27,md_9,9,2026-07-04,,MW_L_002,MW_BLUE_M1,MW_MB_M1,1,0,played,,facebook,,,,confirmed,,
MW_SL_2627_067,MW_SL,MW_2026_27,md_9,9,2026-07-04,,MW_KAR_001,MW_KU_M1,MW_DD_M1,1,3,played,,facebook,,,,confirmed,,
MW_SL_2627_068,MW_SL,MW_2026_27,md_9,9,2026-07-05,,MW_L_003,MW_MFC_M1,MW_KB_M1,1,0,played,,facebook,,,,confirmed,,
MW_SL_2627_069,MW_SL,MW_2026_27,md_9,9,2026-07-05,,MW_CHI_001,MW_CU_M1,MW_SS_M1,0,0,played,,facebook,,,,confirmed,,
MW_SL_2627_070,MW_SL,MW_2026_27,md_9,9,2026-07-05,,MW_MCJ_001,MW_LM_M1,MW_EFC_M1,0,0,played,,facebook,,,,confirmed,,
MW_SL_2627_071,MW_SL,MW_2026_27,md_9,9,2026-07-05,,MW_Z_001,MW_REDL_M1,MW_CSU_M1,1,0,played,,facebook,,,,confirmed,,
MW_SL_2627_072,MW_SL,MW_2026_27,md_9,9,2026-07-05,,MW_Z_001,MW_MW_M1,MW_MAFC_M1,3,0,played,,facebook,,,,confirmed,,
MW_SL_2627_073,MW_SL,MW_2026_27,md_10,10,2026-07-18,14:30:00,MW_L_001,MW_CSU_M1,MW_MW_M1,0,2,played,,facebook,https://www.facebook.com/share/p/1VRQD5akjX/,,2026-07-19T10:00:06Z,confirmed,,
MW_SL_2627_074,MW_SL,MW_2026_27,md_10,10,2026-07-19,14:30:00,MW_L_001,MW_KB_M1,MW_BLUE_M1,2,1,played,,facebook,https://www.facebook.com/share/p/1MFDPn9vyh/,,2026-07-19T16:07:09Z,confirmed,,
MW_SL_2627_075,MW_SL,MW_2026_27,md_10,10,2026-07-18,14:30:00,MW_MZ_001,MW_MB_M1,MW_MFC_M1,2,2,played,,facebook,https://www.facebook.com/share/p/1VRQD5akjX/,,2026-07-19T09:58:23Z,confirmed,,
MW_SL_2627_076,MW_SL,MW_2026_27,md_10,10,2026-07-18,14:30:00,MW_MCJ_001,MW_CS_M1,MW_LM_M1,0,1,played,,facebook,https://www.facebook.com/share/p/1VRQD5akjX/,,2026-07-19T09:59:07Z,confirmed,,
MW_SL_2627_077,MW_SL,MW_2026_27,md_10,10,2026-07-19,14:30:00,MW_D_001,MW_DD_M1,MW_CU_M1,1,2,played,,facebook,https://www.facebook.com/share/p/1MFDPn9vyh/,,2026-07-19T16:07:58Z,confirmed,,
MW_SL_2627_078,MW_SL,MW_2026_27,md_10,10,2026-07-19,14:30:00,MW_B_001,MW_EFC_M1,MW_BULL_M1,0,0,played,,facebook,https://www.facebook.com/share/p/1MFDPn9vyh/,,2026-07-19T16:08:23Z,confirmed,,
MW_SL_2627_079,MW_SL,MW_2026_27,md_10,10,2026-07-18,14:30:00,MW_MAF_001,MW_MAFC_M1,MW_REDL_M1,2,0,played,,facebook,https://www.facebook.com/share/p/1VRQD5akjX/,,2026-07-19T10:01:18Z,confirmed,,
MW_SL_2627_080,MW_SL,MW_2026_27,md_10,10,2026-07-19,14:30:00,MW_L_004,MW_SS_M1,MW_KU_M1,4,1,played,,facebook,https://www.facebook.com/share/p/1MFDPn9vyh/,,2026-07-19T16:09:43Z,confirmed,,
MW_SL_2627_081,MW_SL,MW_2026_27,md_11,11,2026-07-26,14:30:00,MW_KAR_001,MW_KU_M1,MW_CS_M1,,,scheduled,,facebook,,,,confirmed,,
MW_SL_2627_082,MW_SL,MW_2026_27,md_11,11,2026-07-26,14:30:00,MW_MCJ_001,MW_LM_M1,MW_SS_M1,,,scheduled,,facebook,,,,confirmed,,
MW_SL_2627_083,MW_SL,MW_2026_27,md_11,11,2026-07-25,14:30:00,MW_CHI_001,MW_CU_M1,MW_EFC_M1,,,scheduled,,facebook,,,,confirmed,,
MW_SL_2627_084,MW_SL,MW_2026_27,md_11,11,2026-07-25,14:30:00,MW_L_002,MW_BLUE_M1,MW_REDL_M1,,,scheduled,,facebook,,,,confirmed,,
MW_SL_2627_085,MW_SL,MW_2026_27,md_11,11,2026-07-25,14:30:00,MW_L_001,MW_CSU_M1,MW_MB_M1,,,scheduled,,facebook,,,,confirmed,,
MW_SL_2627_086,MW_SL,MW_2026_27,md_11,11,2026-07-25,14:30:00,MW_D_001,MW_DD_M1,MW_BULL_M1,,,scheduled,,facebook,,,,confirmed,,
MW_SL_2627_087,MW_SL,MW_2026_27,md_11,11,2026-07-26,14:30:00,MW_Z_001,MW_MW_M1,MW_MFC_M1,,,scheduled,,facebook,,,,confirmed,,
MW_SL_2627_088,MW_SL,MW_2026_27,md_11,11,2026-07-26,14:30:00,MW_MP_001,MW_KB_M1,MW_MAFC_M1,,,scheduled,,facebook,,,,confirmed,,
MW_SRFA_2627_001,MW_SRFA,MW_2026_27,md_1,1,2026-05-24,,MW_MW_001,MW_MS_M1,MW_BULL_M2,2,3,played,,facebook,,,,confirmed,,
MW_SRFA_2627_002,MW_SRFA,MW_2026_27,md_1,1,2026-05-30,,MW_CRZ_001,MW_CHIR_M1,MW_MS_M1,2,2,played,,facebook,,,,confirmed,,
MW_SRFA_2627_003,MW_SRFA,MW_2026_27,md_1,1,2026-05-30,,MW_B_002,MW_ZU_M1,MW_LBTY_M1,0,1,played,,facebook,,,,confirmed,,
MW_SRFA_2627_004,MW_SRFA,MW_2026_27,md_1,1,2026-05-30,,MW_CHL_001,MW_QAS_M1,MW_NY_M1,0,0,played,,facebook,,,,confirmed,,
MW_SRFA_2627_005,MW_SRFA,MW_2026_27,md_1,1,2026-05-30,,MW_B_001,MW_EFC_M2,MW_TB_M1,2,1,played,,facebook,,,,confirmed,,
MW_SRFA_2627_006,MW_SRFA,MW_2026_27,md_1,1,2026-05-31,,MW_B_001,MW_FCT_M1,MW_BULL_M2,2,0,played,,facebook,,,,confirmed,,
MW_SRFA_2627_007,MW_SRFA,MW_2026_27,md_2,2,2026-06-06,,MW_B_001,MW_EFC_M2,MW_LBTY_M1,0,1,played,,facebook,,,,confirmed,,
MW_SRFA_2627_008,MW_SRFA,MW_2026_27,md_2,2,2026-06-06,,MW_CHL_001,MW_TB_M1,MW_ZU_M1,1,1,played,,facebook,,,,confirmed,,
MW_SRFA_2627_009,MW_SRFA,MW_2026_27,md_2,2,2026-06-06,,MW_THY_001,MW_CHIR_M1,MW_NY_M1,0,4,played,,facebook,,,,confirmed,,
MW_SRFA_2627_010,MW_SRFA,MW_2026_27,md_2,2,2026-06-06,,MW_B_002,MW_BULL_M2,MW_MWU_M1,6,1,played,,facebook,,,,confirmed,,
MW_SRFA_2627_011,MW_SRFA,MW_2026_27,md_2,2,2026-06-07,,MW_THY_001,MW_NCH_M1,MW_MW_M2,0,0,played,,facebook,,,,confirmed,,
MW_SRFA_2627_012,MW_SRFA,MW_2026_27,md_2,2,2026-06-07,,MW_CHL_001,MW_QAS_M1,MW_MS_M1,0,1,played,,facebook,,,,confirmed,,
MW_SRFA_2627_013,MW_SRFA,MW_2026_27,md_2,2,2026-06-07,,MW_B_001,MW_FCT_M1,MW_NFC_M1,4,0,played,,facebook,,,,confirmed,,
MW_SRFA_2627_014,MW_SRFA,MW_2026_27,md_3,3,2026-06-12,,MW_B_001,MW_NFC_M1,MW_TB_M1,1,3,played,,facebook,,,,confirmed,,
MW_SRFA_2627_015,MW_SRFA,MW_2026_27,md_3,3,2026-06-13,,MW_B_001,MW_LBTY_M1,MW_NCH_M1,2,0,played,,facebook,,,,confirmed,,
MW_SRFA_2627_016,MW_SRFA,MW_2026_27,md_3,3,2026-06-13,,MW_CHL_001,MW_CFC_M1,MW_CHIR_M1,0,1,played,,facebook,,,,confirmed,,
MW_SRFA_2627_017,MW_SRFA,MW_2026_27,md_3,3,2026-06-14,,MW_CHL_001,MW_IFC_M1,MW_MS_M1,1,0,played,,facebook,,,,confirmed,,
MW_SRFA_2627_018,MW_SRFA,MW_2026_27,md_3,3,2026-06-14,,MW_B_001,MW_MW_M2,MW_EFC_M2,1,3,played,,facebook,,,,confirmed,,
MW_SRFA_2627_019,MW_SRFA,MW_2026_27,md_3,3,2026-06-14,,MW_MW_001,MW_MWU_M1,MW_ZU_M1,2,0,played,,facebook,,,,confirmed,,
MW_SRFA_2627_020,MW_SRFA,MW_2026_27,md_3,3,2026-06-15,,MW_B_001,MW_FCT_M1,MW_QAS_M1,4,1,played,,facebook,,,,confirmed,,
MW_SRFA_2627_021,MW_SRFA,MW_2026_27,md_3,3,2026-06-18,,MW_CHL_001,MW_IFC_M1,MW_CFC_M1,1,0,played,,facebook,,,,confirmed,,
MW_SRFA_2627_022,MW_SRFA,MW_2026_27,md_4,4,2026-06-20,,MW_B_001,MW_MW_M2,MW_LBTY_M1,1,0,played,,facebook,,,,confirmed,,
MW_SRFA_2627_023,MW_SRFA,MW_2026_27,md_4,4,2026-06-20,,MW_B_004,MW_ZU_M1,MW_CHIR_M1,2,1,played,,facebook,,,,confirmed,,
MW_SRFA_2627_024,MW_SRFA,MW_2026_27,md_4,4,2026-06-21,,MW_THY_001,MW_NCH_M1,MW_NY_M1,0,1,played,,facebook,,,,confirmed,,
MW_SRFA_2627_025,MW_SRFA,MW_2026_27,md_4,4,2026-06-21,,MW_MW_001,MW_MS_M1,MW_MWU_M1,2,1,played,,facebook,,,,confirmed,,
MW_SRFA_2627_026,MW_SRFA,MW_2026_27,md_4,4,2026-06-21,,MW_B_001,MW_EFC_M2,MW_FCT_M1,2,0,played,,facebook,,,,confirmed,,
MW_SRFA_2627_027,MW_SRFA,MW_2026_27,md_4,4,2026-06-21,,MW_B_001,MW_QAS_M1,MW_CFC_M1,2,1,played,,facebook,,,,confirmed,,
MW_SRFA_2627_028,MW_SRFA,MW_2026_27,md_4,4,2026-06-22,,MW_CHL_001,MW_IFC_M1,MW_NFC_M1,2,2,played,,facebook,,,,confirmed,,
MW_SRFA_2627_029,MW_SRFA,MW_2026_27,md_4,4,2026-06-25,,MW_CHL_001,MW_CFC_M1,MW_MW_M2,0,1,played,,facebook,,,,confirmed,,
MW_SRFA_2627_030,MW_SRFA,MW_2026_27,md_4,4,2026-06-26,,MW_B_001,MW_NFC_M1,MW_MWU_M1,1,1,played,,facebook,,,,confirmed,,
MW_SRFA_2627_031,MW_SRFA,MW_2026_27,md_5,5,2026-06-27,,MW_B_001,MW_LBTY_M1,MW_IFC_M1,1,2,played,,facebook,,,,confirmed,,
MW_SRFA_2627_032,MW_SRFA,MW_2026_27,md_5,5,2026-06-28,,MW_B_001,MW_EFC_M2,MW_ZU_M1,6,1,played,,facebook,,,,confirmed,,
MW_SRFA_2627_033,MW_SRFA,MW_2026_27,md_5,5,2026-06-28,,MW_CRZ_001,MW_CHIR_M1,MW_BULL_M2,0,0,played,,facebook,,,,confirmed,,
MW_SRFA_2627_034,MW_SRFA,MW_2026_27,md_5,5,2026-06-28,,MW_CHL_001,MW_TB_M1,MW_MW_M2,2,1,played,,facebook,,,,confirmed,,
MW_SRFA_2627_035,MW_SRFA,MW_2026_27,md_5,5,2026-06-28,,MW_THY_001,MW_NCH_M1,MW_QAS_M1,2,1,played,,facebook,,,,confirmed,,
MW_SRFA_2627_036,MW_SRFA,MW_2026_27,md_5,5,2026-06-29,,MW_B_002,MW_FCT_M1,MW_NY_M1,2,2,played,,facebook,,,,confirmed,,
MW_SRFA_2627_037,MW_SRFA,MW_2026_27,md_6,6,2026-07-04,,MW_B_004,MW_ZU_M1,MW_QAS_M1,2,1,played,,facebook,,,,confirmed,,
MW_SRFA_2627_038,MW_SRFA,MW_2026_27,md_6,6,2026-07-04,,MW_B_002,MW_NFC_M1,MW_EFC_M2,6,2,played,,facebook,,,,confirmed,,
MW_SRFA_2627_039,MW_SRFA,MW_2026_27,md_6,6,2026-07-04,,MW_B_001,MW_BULL_M2,MW_NY_M1,0,1,played,,facebook,,,,confirmed,,
MW_SRFA_2627_040,MW_SRFA,MW_2026_27,md_6,6,2026-07-04,,MW_CHL_001,MW_CFC_M1,MW_LBTY_M1,1,1,played,,facebook,,,,confirmed,,
MW_SRFA_2627_041,MW_SRFA,MW_2026_27,md_6,6,2026-07-05,,MW_CHL_001,MW_TB_M1,MW_NCH_M1,0,2,played,,facebook,,,,confirmed,,
MW_SRFA_2627_042,MW_SRFA,MW_2026_27,md_6,6,2026-07-05,,MW_CRZ_001,MW_CHIR_M1,MW_IFC_M1,0,1,played,,facebook,,,,confirmed,,
MW_SRFA_2627_043,MW_SRFA,MW_2026_27,md_6,6,2026-07-05,,MW_B_002,MW_MW_M2,MW_MS_M1,2,3,played,,facebook,,,,confirmed,,
MW_SRFA_2627_044,MW_SRFA,MW_2026_27,md_6,6,2026-07-06,,MW_B_001,MW_FCT_M1,MW_MWU_M1,1,0,played,,facebook,,,,confirmed,,
MW_SRFA_2627_045,MW_SRFA,MW_2026_27,md_6,6,2026-07-08,,MW_CHL_001,MW_IFC_M1,MW_BULL_M2,2,1,played,,facebook,,,,confirmed,,
MW_SRFA_2627_046,MW_SRFA,MW_2026_27,md_6,6,2026-07-09,,MW_B_002,MW_NFC_M1,MW_NY_M1,0,2,played,,facebook,,,,confirmed,,
MW_SRFA_2627_047,MW_SRFA,MW_2026_27,md_6,6,2026-07-09,,MW_THY_001,MW_NCH_M1,MW_CHIR_M1,2,1,played,,facebook,,,,confirmed,,
MW_SRFA_2627_048,MW_SRFA,MW_2026_27,md_7,7,2026-07-11,14:30:00,MW_B_002,MW_LBTY_M1,MW_QAS_M1,2,2,played,,facebook,https://www.facebook.com/share/p/1D2wnG5E9i/,,2026-07-14,confirmed,,
MW_SRFA_2627_049,MW_SRFA,MW_2026_27,md_7,7,2026-07-11,11:00:00,MW_B_001,MW_EFC_M2,MW_MS_M1,3,0,played,,facebook,https://www.facebook.com/share/p/1D2wnG5E9i/,,2026-07-14,confirmed,,
MW_SRFA_2627_050,MW_SRFA,MW_2026_27,md_7,7,2026-07-12,14:30:00,MW_B_004,MW_ZU_M1,MW_FCT_M1,0,0,played,,facebook,https://www.facebook.com/share/p/19H8iAq7RQ/,,2026-07-14,confirmed,,
MW_SRFA_2627_051,MW_SRFA,MW_2026_27,md_7,7,2026-07-11,14:30:00,MW_CHL_001,MW_TB_M1,MW_CFC_M1,0,1,played,,facebook,https://www.facebook.com/share/p/1D2wnG5E9i/,,2026-07-14,confirmed,,
MW_SRFA_2627_052,MW_SRFA,MW_2026_27,md_7,7,2026-07-12,14:30:00,MW_B_001,MW_BULL_M2,MW_NCH_M1,2,0,played,,facebook,https://www.facebook.com/share/p/19H8iAq7RQ/,,2026-07-14,confirmed,,
MW_SRFA_2627_053,MW_SRFA,MW_2026_27,md_7,7,2026-07-12,14:30:00,MW_CHL_001,MW_IFC_M1,MW_MWU_M1,2,2,played,,facebook,https://www.facebook.com/share/p/19H8iAq7RQ/,,2026-07-14,confirmed,,
MW_SRFA_2627_054,MW_SRFA,MW_2026_27,md_7,7,2026-07-12,,MW_CRZ_001,MW_CHIR_M1,MW_NFC_M1,,,postponed,,facebook,,,2026-07-14,confirmed,,
MW_SRFA_2627_055,MW_SRFA,MW_2026_27,md_7,7,2026-07-13,14:30:00,MW_B_002,MW_NY_M1,MW_MW_M2,1,1,played,,facebook,https://www.facebook.com/share/p/1Lkk8rqp5z/,,2026-07-14,confirmed,,
MW_SRFA2_2627_001,MW_SRFA2,MW_2026_27,md_1,1,2026-07-12,14:30:00,MW_LUCH_G,MW_MAS_M1,MW_PSS_M1,2,0,played,,facebook,https://www.facebook.com/share/p/1BtLvydany/,,2026-07-16,confirmed,,
MW_U16_2627_001,MW_U16,MW_2026_27,md_1,1,2026-06-18,,,MW_U16_BLU,MW_U16_LLC,2,1,played,,placeholder,,,,confirmed,,
MW_U16_2627_002,MW_U16,MW_2026_27,md_1,1,2026-06-18,,,MW_U16_MZU,MW_U16_ZOM,0,0,played,,placeholder,,,,confirmed,,
MW_U16_2627_003,MW_U16,MW_2026_27,md_1,1,2026-06-18,,,MW_U16_BFC,MW_U16_SMU,1,1,played,,placeholder,,,,confirmed,,
MW_U16_2627_004,MW_U16,MW_2026_27,md_1,1,2026-06-18,,,MW_U16_ZU,MW_U16_CWW,5,2,played,,placeholder,,,,confirmed,,
MW_U16_2627_005,MW_U16,MW_2026_27,md_1,1,2026-06-18,,,MW_U16_LFC,MW_U16_MU,0,3,played,,placeholder,,,,confirmed,,
MW_U16_2627_006,MW_U16,MW_2026_27,md_1,1,2026-06-18,,,MW_U16_MFC,MW_U16_LA,3,2,played,,placeholder,,,,confirmed,,
MW_WP_2526_001,MW_WP,MW_2025_26,md_1,1,2025-07-26,,,MW_BULL_W1,MW_KNW_W1,0,1,played,,fa,,,,confirmed,,
MW_WP_2526_002,MW_WP,MW_2025_26,md_1,1,2025-07-27,,,MW_MB_W1,MW_MW_W1,0,2,played,,fa,,,,confirmed,,
MW_WP_2526_003,MW_WP,MW_2025_26,md_1,1,2025-07-27,,,MW_MDF_W1,MW_SS_W1,1,2,played,,fa,,,,confirmed,,
MW_WP_2526_004,MW_WP,MW_2025_26,md_1,1,2025-07-27,,,MW_MKA_W1,MW_CSUW_W1,0,0,played,,fa,,,,confirmed,,
MW_WP_2526_005,MW_WP,MW_2025_26,md_1,1,2025-07-27,,,MW_ASA_W1,MW_TA_W1,6,0,played,,fa,,,,confirmed,,
MW_WP_2526_006,MW_WP,MW_2025_26,md_2,2,2025-08-02,,,MW_MW_W1,MW_ASA_W1,0,2,played,,fa,,,,confirmed,,
MW_WP_2526_007,MW_WP,MW_2025_26,md_2,2,2025-08-02,,,MW_KNW_W1,MW_TA_W1,3,0,played,,fa,,,,confirmed,,
MW_WP_2526_008,MW_WP,MW_2025_26,md_2,2,2025-08-03,,,MW_BULL_W1,MW_MKA_W1,3,0,played,,fa,,,,confirmed,,
MW_WP_2526_009,MW_WP,MW_2025_26,md_2,2,2025-08-03,,,MW_CSUW_W1,MW_MDF_W1,0,0,played,,fa,,,,confirmed,,
MW_WP_2526_010,MW_WP,MW_2025_26,md_2,2,2025-08-03,,,MW_SS_W1,MW_MB_W1,4,0,played,,fa,,,,confirmed,,
MW_WP_2526_011,MW_WP,MW_2025_26,md_3,3,2025-08-09,,,MW_MDF_W1,MW_BULL_W1,1,1,played,,fa,,,,confirmed,,
MW_WP_2526_012,MW_WP,MW_2025_26,md_3,3,2025-08-10,,,MW_TA_W1,MW_MW_W1,1,3,played,,fa,,,,confirmed,,
MW_WP_2526_013,MW_WP,MW_2025_26,md_3,3,2025-08-10,,,MW_MB_W1,MW_CSUW_W1,1,1,played,,fa,,,,confirmed,,
MW_WP_2526_014,MW_WP,MW_2025_26,md_3,3,2025-08-10,,,MW_ASA_W1,MW_SS_W1,1,2,played,,fa,,,,confirmed,,
MW_WP_2526_015,MW_WP,MW_2025_26,md_3,3,2025-08-23,,,MW_MKA_W1,MW_KNW_W1,1,2,played,,fa,,,,confirmed,,
MW_WP_2526_016,MW_WP,MW_2025_26,md_4,4,2025-08-15,,,MW_KNW_W1,MW_MW_W1,0,1,played,,fa,,,,confirmed,,
MW_WP_2526_017,MW_WP,MW_2025_26,md_4,4,2025-08-16,,,MW_SS_W1,MW_TA_W1,6,1,played,,fa,,,,confirmed,,
MW_WP_2526_018,MW_WP,MW_2025_26,md_4,4,2025-08-17,,,MW_MKA_W1,MW_MDF_W1,0,2,played,,fa,,,,confirmed,,
MW_WP_2526_019,MW_WP,MW_2025_26,md_4,4,2025-08-17,,,MW_BULL_W1,MW_MB_W1,5,0,played,,fa,,,,confirmed,,
MW_WP_2526_020,MW_WP,MW_2025_26,md_4,4,2025-08-17,,,MW_CSUW_W1,MW_ASA_W1,0,1,played,,fa,,,,confirmed,,
MW_WP_2526_021,MW_WP,MW_2025_26,md_5,5,2025-09-06,,,MW_MB_W1,MW_MKA_W1,4,1,played,,fa,,,,confirmed,,
MW_WP_2526_022,MW_WP,MW_2025_26,md_5,5,2025-09-06,,,MW_MDF_W1,MW_KNW_W1,2,0,played,,fa,,,,confirmed,,
MW_WP_2526_023,MW_WP,MW_2025_26,md_5,5,2025-09-07,,,MW_MW_W1,MW_SS_W1,0,1,played,,fa,,,,confirmed,,
MW_WP_2526_024,MW_WP,MW_2025_26,md_5,5,2025-09-07,,,MW_TA_W1,MW_CSUW_W1,0,4,played,,fa,,,,confirmed,,
MW_WP_2526_025,MW_WP,MW_2025_26,md_5,5,2025-09-07,,,MW_ASA_W1,MW_BULL_W1,3,1,played,,fa,,,,confirmed,,
MW_WP_2526_026,MW_WP,MW_2025_26,md_6,6,2025-09-13,,,MW_KNW_W1,MW_SS_W1,1,3,played,,fa,,,,confirmed,,
MW_WP_2526_027,MW_WP,MW_2025_26,md_6,6,2025-10-04,,,MW_MDF_W1,MW_MB_W1,4,0,played,,fa,,,,confirmed,,
MW_WP_2526_028,MW_WP,MW_2025_26,md_6,6,2025-10-04,,,MW_MKA_W1,MW_ASA_W1,0,0,played,,fa,,,,confirmed,,
MW_WP_2526_029,MW_WP,MW_2025_26,md_6,6,2025-10-05,,,MW_CSUW_W1,MW_MW_W1,0,1,played,,fa,,,,confirmed,,
MW_WP_2526_030,MW_WP,MW_2025_26,md_6,6,2025-10-07,,,MW_BULL_W1,MW_TA_W1,4,0,played,,fa,,,,confirmed,,
MW_WP_2526_031,MW_WP,MW_2025_26,md_7,7,2025-10-11,,,MW_MB_W1,MW_KNW_W1,1,5,played,,fa,,,,confirmed,,
MW_WP_2526_032,MW_WP,MW_2025_26,md_7,7,2025-10-11,,,MW_ASA_W1,MW_MDF_W1,2,0,played,,fa,,,,confirmed,,
MW_WP_2526_033,MW_WP,MW_2025_26,md_7,7,2025-10-12,,,MW_MW_W1,MW_BULL_W1,0,1,played,,fa,,,,confirmed,,
MW_WP_2526_034,MW_WP,MW_2025_26,md_7,7,2025-10-12,,,MW_TA_W1,MW_MKA_W1,1,1,played,,fa,,,,confirmed,,
MW_WP_2526_035,MW_WP,MW_2025_26,md_7,7,2025-10-12,,,MW_SS_W1,MW_CSUW_W1,2,1,played,,fa,,,,confirmed,,
MW_WP_2526_036,MW_WP,MW_2025_26,md_8,8,2025-10-15,,,MW_MB_W1,MW_ASA_W1,1,3,played,,fa,,,,confirmed,,
MW_WP_2526_037,MW_WP,MW_2025_26,md_8,8,2025-10-15,,,MW_MDF_W1,MW_TA_W1,5,0,played,,fa,,,,confirmed,,
MW_WP_2526_038,MW_WP,MW_2025_26,md_8,8,2025-10-15,,,MW_MKA_W1,MW_MW_W1,1,1,played,,fa,,,,confirmed,,
MW_WP_2526_039,MW_WP,MW_2025_26,md_8,8,2025-10-15,,,MW_BULL_W1,MW_SS_W1,0,1,played,,fa,,,,confirmed,,
MW_WP_2526_040,MW_WP,MW_2025_26,md_8,8,2025-10-15,,,MW_KNW_W1,MW_CSUW_W1,0,1,played,,fa,,,,confirmed,,
MW_WP_2526_041,MW_WP,MW_2025_26,md_9,9,2025-11-02,,,MW_CSUW_W1,MW_BULL_W1,1,1,played,,fa,,,,confirmed,,
MW_WP_2526_042,MW_WP,MW_2025_26,md_9,9,2025-11-02,,,MW_MW_W1,MW_MDF_W1,1,1,played,,fa,,,,confirmed,,
MW_WP_2526_043,MW_WP,MW_2025_26,md_9,9,2025-11-02,,,MW_TA_W1,MW_MB_W1,1,1,played,,fa,,,,confirmed,,
MW_WP_2526_044,MW_WP,MW_2025_26,md_9,9,2025-11-02,,,MW_SS_W1,MW_MKA_W1,7,0,played,,fa,,,,confirmed,,
MW_WP_2526_045,MW_WP,MW_2025_26,md_9,9,2025-11-02,,,MW_ASA_W1,MW_KNW_W1,1,1,played,,fa,,,,confirmed,,
MW_WP_2526_046,MW_WP,MW_2025_26,md_10,10,2025-11-15,,,MW_TA_W1,MW_ASA_W1,0,3,played,,fa,,,,confirmed,,
MW_WP_2526_047,MW_WP,MW_2025_26,md_10,10,2025-11-15,,,MW_MW_W1,MW_MB_W1,4,0,played,,fa,,,,confirmed,,
MW_WP_2526_048,MW_WP,MW_2025_26,md_10,10,2025-11-15,,,MW_KNW_W1,MW_BULL_W1,0,0,played,,fa,,,,confirmed,,
MW_WP_2526_049,MW_WP,MW_2025_26,md_10,10,2025-11-15,,,MW_CSUW_W1,MW_MKA_W1,2,0,played,,fa,,,,confirmed,,
MW_WP_2526_050,MW_WP,MW_2025_26,md_10,10,2025-11-17,,,MW_SS_W1,MW_MDF_W1,1,2,played,,fa,,,,confirmed,,
MW_WP_2526_051,MW_WP,MW_2025_26,md_11,11,2025-11-21,,,MW_MKA_W1,MW_BULL_W1,0,2,played,,fa,,,,confirmed,,
MW_WP_2526_052,MW_WP,MW_2025_26,md_11,11,2025-11-22,,,MW_MDF_W1,MW_CSUW_W1,1,2,played,,fa,,,,confirmed,,
MW_WP_2526_053,MW_WP,MW_2025_26,md_11,11,2025-11-22,,,MW_TA_W1,MW_KNW_W1,2,2,played,,fa,,,,confirmed,,
MW_WP_2526_054,MW_WP,MW_2025_26,md_11,11,2025-11-22,,,MW_ASA_W1,MW_MW_W1,3,1,played,,fa,,,,confirmed,,
MW_WP_2526_055,MW_WP,MW_2025_26,md_11,11,2025-11-23,,,MW_MB_W1,MW_SS_W1,0,6,played,,fa,,,,confirmed,,
MW_WP_2526_056,MW_WP,MW_2025_26,md_12,12,2025-12-06,,,MW_KNW_W1,MW_MKA_W1,3,0,played,,fa,,,,confirmed,,
MW_WP_2526_057,MW_WP,MW_2025_26,md_12,12,2025-12-06,,,MW_MW_W1,MW_TA_W1,2,0,played,,fa,,,,confirmed,,
MW_WP_2526_058,MW_WP,MW_2025_26,md_12,12,2025-12-06,,,MW_SS_W1,MW_ASA_W1,2,0,played,,fa,,,,confirmed,,
MW_WP_2526_059,MW_WP,MW_2025_26,md_12,12,2025-12-06,,,MW_CSUW_W1,MW_MB_W1,3,1,played,,fa,,,,confirmed,,
MW_WP_2526_060,MW_WP,MW_2025_26,md_12,12,2025-12-06,,,MW_BULL_W1,MW_MDF_W1,1,1,played,,fa,,,,confirmed,,
MW_WP_2526_061,MW_WP,MW_2025_26,md_13,13,2025-12-13,,,MW_MDF_W1,MW_MKA_W1,3,0,played,,fa,,,,confirmed,,
MW_WP_2526_062,MW_WP,MW_2025_26,md_13,13,2025-12-13,,,MW_MB_W1,MW_BULL_W1,1,2,played,,fa,,,,confirmed,,
MW_WP_2526_063,MW_WP,MW_2025_26,md_13,13,2025-12-13,,,MW_MW_W1,MW_KNW_W1,0,1,played,,fa,,,,confirmed,,
MW_WP_2526_064,MW_WP,MW_2025_26,md_13,13,2025-12-14,,,MW_ASA_W1,MW_CSUW_W1,1,0,played,,fa,,,,confirmed,,
MW_WP_2526_065,MW_WP,MW_2025_26,md_13,13,2025-12-14,,,MW_TA_W1,MW_SS_W1,0,2,played,,fa,,,,confirmed,,
MW_WP_2526_066,MW_WP,MW_2025_26,md_14,14,2025-12-20,,,MW_BULL_W1,MW_ASA_W1,2,1,played,,fa,,,,confirmed,,
MW_WP_2526_067,MW_WP,MW_2025_26,md_14,14,2025-12-20,,,MW_SS_W1,MW_MW_W1,2,0,played,,fa,,,,confirmed,,
MW_WP_2526_068,MW_WP,MW_2025_26,md_14,14,2025-12-20,,,MW_CSUW_W1,MW_TA_W1,2,0,played,,fa,,,,confirmed,,
MW_WP_2526_069,MW_WP,MW_2025_26,md_14,14,2025-12-20,,,MW_MKA_W1,MW_MB_W1,1,0,played,,fa,,,,confirmed,,
MW_WP_2526_070,MW_WP,MW_2025_26,md_14,14,2025-12-21,,,MW_KNW_W1,MW_MDF_W1,2,0,played,,fa,,,,confirmed,,
MW_WP_2526_071,MW_WP,MW_2025_26,md_15,15,2025-12-28,,,MW_MB_W1,MW_MDF_W1,0,4,played,,fa,,,,confirmed,,
MW_WP_2526_072,MW_WP,MW_2025_26,md_15,15,2025-12-28,,,MW_ASA_W1,MW_MKA_W1,3,0,played,,fa,,,,confirmed,,
MW_WP_2526_073,MW_WP,MW_2025_26,md_15,15,2025-12-28,,,MW_TA_W1,MW_BULL_W1,1,2,played,,fa,,,,confirmed,,
MW_WP_2526_074,MW_WP,MW_2025_26,md_15,15,2025-12-28,,,MW_MW_W1,MW_CSUW_W1,2,0,played,,fa,,,,confirmed,,
MW_WP_2526_075,MW_WP,MW_2025_26,md_15,15,2025-12-28,,,MW_SS_W1,MW_KNW_W1,4,0,played,,fa,,,,confirmed,,
MW_WP_2526_076,MW_WP,MW_2025_26,md_16,16,2026-01-03,,,MW_MDF_W1,MW_ASA_W1,0,3,played,,fa,,,,confirmed,,
MW_WP_2526_077,MW_WP,MW_2025_26,md_16,16,2026-01-03,,,MW_KNW_W1,MW_MB_W1,4,0,played,,fa,,,,confirmed,,
MW_WP_2526_078,MW_WP,MW_2025_26,md_16,16,2026-01-03,,,MW_CSUW_W1,MW_SS_W1,2,0,played,,fa,,,,confirmed,,
MW_WP_2526_079,MW_WP,MW_2025_26,md_16,16,2026-01-03,,,MW_BULL_W1,MW_MW_W1,1,0,played,,fa,,,,confirmed,,
MW_WP_2526_080,MW_WP,MW_2025_26,md_16,16,2026-01-03,,,MW_MKA_W1,MW_TA_W1,1,2,played,,fa,,,,confirmed,,
MW_WP_2526_081,MW_WP,MW_2025_26,md_17,17,2026-01-15,,,MW_MB_W1,MW_TA_W1,0,1,played,,fa,,,,confirmed,,
MW_WP_2526_082,MW_WP,MW_2025_26,md_17,17,2026-01-15,,,MW_KNW_W1,MW_ASA_W1,1,3,played,,fa,,,,confirmed,,
MW_WP_2526_083,MW_WP,MW_2025_26,md_17,17,2026-01-15,,,MW_BULL_W1,MW_CSUW_W1,0,1,played,,fa,,,,confirmed,,
MW_WP_2526_084,MW_WP,MW_2025_26,md_17,17,2026-01-15,,,MW_MKA_W1,MW_SS_W1,0,10,played,,fa,,,,confirmed,,
MW_WP_2526_085,MW_WP,MW_2025_26,md_17,17,2026-01-15,,,MW_MDF_W1,MW_MW_W1,1,0,played,,fa,,,,confirmed,,
MW_WP_2526_086,MW_WP,MW_2025_26,md_18,18,2026-01-25,,,MW_ASA_W1,MW_MB_W1,15,0,played,,fa,,,,confirmed,,
MW_WP_2526_087,MW_WP,MW_2025_26,md_18,18,2026-01-25,,,MW_TA_W1,MW_MDF_W1,0,4,played,,fa,,,,confirmed,,
MW_WP_2526_088,MW_WP,MW_2025_26,md_18,18,2026-01-25,,,MW_MW_W1,MW_MKA_W1,3,0,played,,fa,,,,confirmed,,
MW_WP_2526_089,MW_WP,MW_2025_26,md_18,18,2026-01-25,,,MW_SS_W1,MW_BULL_W1,2,1,played,,fa,,,,confirmed,,
MW_WP_2526_090,MW_WP,MW_2025_26,md_18,18,2026-01-25,,,MW_CSUW_W1,MW_KNW_W1,0,0,played,,fa,,,,confirmed,,
MW_NDL_2627_043,MW_NDL,MW_2026_27,md_8,8,2026-07-17,14:30:00,MW_B_001,MW_BAS_M1,MW_CB_M1,2,0,played,,facebook,https://www.facebook.com/share/p/19LQR4ZBQX/,,2026-07-19T10:02:41Z,confirmed,,
MW_NDL_2627_044,MW_NDL,MW_2026_27,md_8,8,2026-07-18,14:30:00,MW_Z_001,MW_NS_M1,MW_EXFC_M1,0,0,played,,facebook,https://www.facebook.com/share/p/1BFsMgVzk3/,,2026-07-19T10:03:13Z,confirmed,,
MW_NDL_2627_045,MW_NDL,MW_2026_27,md_8,8,2026-07-18,14:30:00,MW_B_001,MW_MT_M1,MW_SBU_M1,1,2,played,,facebook,https://www.facebook.com/share/p/1BFsMgVzk3/,,2026-07-19T10:03:44Z,confirmed,,
MW_NDL_2627_046,MW_NDL,MW_2026_27,md_8,8,2026-07-19,14:30:00,MW_MCJ_003,MW_NZ_M1,MW_NU_M1,2,1,played,,facebook,https://www.facebook.com/share/p/1BmtFgaPSh/,,2026-07-19T18:35:38Z,confirmed,,
MW_NDL_2627_047,MW_NDL,MW_2026_27,md_8,8,2026-07-19,14:30:00,MW_MU_001,MW_FFC_M1,MW_MCH_M1,1,2,played,,facebook,https://www.facebook.com/share/p/1BmtFgaPSh/,,2026-07-19T18:37:06Z,confirmed,,
MW_NDL_2627_048,MW_NDL,MW_2026_27,md_8,8,2026-07-20,14:30:00,MW_B_001,MW_CBWE_M1,MW_EU_M1,3,0,played,,facebook,https://www.facebook.com/share/p/1EBEmYSpGh/,,2026-07-20T17:10:43Z,confirmed,,
MW_SRFA2_2627_002,MW_SRFA2,MW_2026_27,md_1,1,2026-07-19,14:30:00,MW_NENO,MW_NYG_M1,MW_MAS_M1,1,1,played,,facebook,https://www.facebook.com/share/p/14qnpMCwqTQ/,,2026-07-19T18:39:29Z,confirmed,,
MW_SRFA2_2627_003,MW_SRFA2,MW_2026_27,md_1,1,2026-07-19,14:30:00,MW_MBULU_1,MW_POYA_M1,MW_MYS_M1,3,1,played,,facebook,https://www.facebook.com/share/p/14qnpMCwqTQ/,,2026-07-19T18:39:08Z,confirmed,,
MW_SRFA2_2627_004,MW_SRFA2,MW_2026_27,md_1,1,2026-07-20,14:30:00,MW_B_002,MW_PSS_M1,MW_LIM_M1,2,1,played,,facebook,https://www.facebook.com/share/p/195vpJ3WLr/,,2026-07-20T17:16:12Z,confirmed,,
MW_SRFA2_2627_005,MW_SRFA2,MW_2026_27,md_1,1,2026-07-20,11:00:00,MW_B_001,MW_MICH_M1,MW_LUN_M1,2,1,played,,facebook,https://www.facebook.com/share/p/195vpJ3WLr/,,2026-07-20T17:15:51Z,confirmed,,
MW_SRFA_2627_056,MW_SRFA,MW_2026_27,matchday_8,8,2026-07-17,11:00:00,MW_B_001,MW_NFC_M1,MW_MW_M2,1,2,played,,facebook,https://www.facebook.com/share/p/192H3WC6DR/,,2026-07-18T15:49:39Z,confirmed,,
MW_SRFA_2627_057,MW_SRFA,MW_2026_27,matchday_8,8,2026-07-18,14:30:00,MW_B_002,MW_BULL_M2,MW_QAS_M1,4,0,played,,facebook,https://www.facebook.com/share/p/1DbW4CWYXX/,,2026-07-19T09:53:39Z,confirmed,,
MW_SRFA_2627_058,MW_SRFA,MW_2026_27,matchday_8,8,2026-07-18,11:00:00,MW_B_001,MW_LBTY_M1,MW_MWU_M1,3,2,played,,facebook,https://www.facebook.com/share/p/1DbW4CWYXX/,,2026-07-19T09:53:12Z,confirmed,,
MW_SRFA_2627_059,MW_SRFA,MW_2026_27,matchday_8,8,2026-07-18,14:30:00,MW_CRZ_001,MW_CHIR_M1,MW_FCT_M1,0,2,played,,facebook,https://www.facebook.com/share/p/1DbW4CWYXX/,,2026-07-19T09:53:56Z,confirmed,,
MW_SRFA_2627_060,MW_SRFA,MW_2026_27,matchday_8,8,2026-07-19,11:00:00,MW_B_001,MW_EFC_M2,MW_IFC_M1,3,0,played,,facebook,https://www.facebook.com/share/p/19EAXvLbTc/,,2026-07-19T18:40:29Z,confirmed,,
MW_SRFA_2627_061,MW_SRFA,MW_2026_27,matchday_8,8,2026-07-19,14:30:00,MW_THY_001,MW_NCH_M1,MW_MS_M1,1,1,played,,facebook,https://www.facebook.com/share/p/19EAXvLbTc/,,2026-07-19T18:40:45Z,confirmed,,
MW_SRFA_2627_062,MW_SRFA,MW_2026_27,matchday_8,8,2026-07-19,14:30:00,MW_CHL_001,MW_CFC_M1,MW_ZU_M1,0,0,played,,facebook,https://www.facebook.com/share/p/19EAXvLbTc/,,2026-07-19T18:40:59Z,confirmed,,
MW_KU19_2627_015,MW_KU19,MW_2026_27,matchday_3,3,2026-07-18,8:00,MW_CHIWE,MW_RU_MU19,MW_BIA_MU19,,,scheduled,,facebook,,,2026-07-16 1:12,confirmed,,
MW_KU19_2627_016,MW_KU19,MW_2026_27,matchday_3,3,2026-07-18,9:30:00,MW_CHIWE,MW_YY_MU19,MW_SM_MU19,,,scheduled,,facebook,,,2026-07-16 1:12,confirmed,,
MW_KU19_2627_017,MW_KU19,MW_2026_27,matchday_3,3,2026-07-18,8:00,MW_B_002,MW_ND_MU19,MW_CCS_MU19,,,scheduled,,facebook,,,2026-07-16 1:12,confirmed,,
MW_KU19_2627_018,MW_KU19,MW_2026_27,matchday_3,3,2026-07-18,9:30:00,MW_B_002,MW_AS_MU19,MW_MM_MU19,,,scheduled,,facebook,,,2026-07-16 1:12,confirmed,,
MW_KU19_2627_019,MW_KU19,MW_2026_27,matchday_3,3,2026-07-19,8:00,MW_CHIWE,MW_BULL_U19,MW_NU_MU19,,,scheduled,,facebook,,,2026-07-16 1:14,confirmed,,
MW_KU19_2627_020,MW_KU19,MW_2026_27,matchday_3,3,2026-07-19,9:30:00,MW_CHIWE,MW_EH_MU19,MW_EFC_U19,,,scheduled,,facebook,,,2026-07-16 1:14,confirmed,,
MW_KU19_2627_021,MW_KU19,MW_2026_27,matchday_3,3,2026-07-19,8:00,MW_B_002,MW_GS_MU19,MW_MW_U19,,,scheduled,,facebook,,,2026-07-16 1:14,confirmed,,
MW_CRFA_2627_015,MW_CRFA,MW_2026_27,matchday_4,4,2026-07-13,,MW_MCJ_004,MW_MV_M1,MW_KFC_M1,2,1,played,,facebook,,,2026-07-16 1:28,confirmed,,
MW_CRFA_2627_016,MW_CRFA,MW_2026_27,matchday_5,5,2026-07-19,14:30:00,MW_MALINJ,MW_NAA_M1,MW_MPFC_M1,,,scheduled,,facebook,,,2026-07-16 1:35,confirmed,,
MW_CRFA_2627_017,MW_CRFA,MW_2026_27,matchday_5,5,2026-07-18,14:30:00,MW_GOLF_C,MW_LFC_M1,MW_AB_M1,3,1,played,,facebook,https://www.facebook.com/share/p/195DjCbnWo/,,2026-07-19T09:50:50Z,confirmed,,
MW_CRFA_2627_018,MW_CRFA,MW_2026_27,matchday_5,5,2026-07-19,14:30:00,MW_MCJ_004,MW_MV_M1,MW_MC_M1,,,scheduled,,facebook,,,2026-07-16 1:35,confirmed,,
MW_CRFA_2627_019,MW_CRFA,MW_2026_27,matchday_5,5,2026-07-19,14:30:00,MW_ADL_G,MW_SS_M2,MW_BLUE_M2,,,scheduled,,facebook,,,2026-07-16 1:35,confirmed,,
MW_CRFA_2627_020,MW_CRFA,MW_2026_27,matchday_5,5,2026-07-19,14:30:00,MW_CHAIMA,MW_SA_M1,MW_PFC_M1,,,scheduled,,facebook,,,2026-07-16 1:35,confirmed,,
MW_CRFA_2627_021,MW_CRFA,MW_2026_27,matchday_5,5,2026-07-19,14:30:00,MW_CHIVALA,MW_CSFC_M1,MW_MCHS_M1,,,scheduled,,facebook,,,2026-07-16 1:35,confirmed,,
MW_CRFA_2627_022,MW_CRFA,MW_2026_27,matchday_2,2,2026-07-12,,MW_MANGO,MW_AB_M1,MW_BLUE_M2,0,2,played,,facebook,https://www.facebook.com/share/p/18uEhFeVVz/,,2026-07-16 1:44,confirmed,,
MW_CRFA_2627_023,MW_CRFA,MW_2026_27,matchday_2,2,2026-07-12,,MW_MPON_CG,MW_MPFC_M1,MW_TNS_M1,2,0,played,,facebook,https://www.facebook.com/share/p/18uEhFeVVz/,,2026-07-16 1:44,confirmed,,
MW_CRFA_2627_024,MW_CRFA,MW_2026_27,matchday_2,2,2026-07-12,,MW_KAMIRA,MW_MC_M1,MW_MU_M1,2,0,played,,facebook,https://www.facebook.com/share/p/18uEhFeVVz/,,2026-07-16 1:44,confirmed,,
MW_CRFA_2627_025,MW_CRFA,MW_2026_27,matchday_2,2,2026-07-12,,,MW_NAA_M1,MW_MCHS_M1,1,0,played,,facebook,https://www.facebook.com/share/p/18uEhFeVVz/,,2026-07-16 1:44,confirmed,,
MW_CRFA_2627_026,MW_CRFA,MW_2026_27,matchday_2,2,2026-07-11,,MW_ADL_G,MW_SS_M2,MW_SA_M1,1,0,played,,facebook,https://www.facebook.com/share/p/18uEhFeVVz/,,2026-07-16 1:48,confirmed,,
MW_CRFA_2627_027,MW_CRFA,MW_2026_27,matchday_3,3,2026-07-05,,MW_KAMIRA,MW_MC_M1,MW_MPFC_M1,0,1,played,,facebook,https://www.facebook.com/share/p/18uEhFeVVz/,,2026-07-16 1:52,confirmed,,
MW_CRFA_2627_028,MW_CRFA,MW_2026_27,matchday_3,3,2026-07-05,,MW_AIR,MW_MU_M1,MW_AB_M1,1,3,played,,facebook,https://www.facebook.com/share/p/18uEhFeVVz/,,2026-07-16 1:52,confirmed,,
MW_CRFA_2627_029,MW_CRFA,MW_2026_27,matchday_3,3,2026-07-05,,MW_DOW_001,MW_KFC_M1,MW_SA_M1,2,1,played,,facebook,https://www.facebook.com/share/p/18uEhFeVVz/,,2026-07-16 1:52,confirmed,,
MW_CRFA_2627_030,MW_CRFA,MW_2026_27,matchday_3,3,2026-07-05,,MW_LIN_SEC,MW_CSFC_M1,MW_SS_M2,0,0,played,,facebook,https://www.facebook.com/share/p/18uEhFeVVz/,,2026-07-16 1:52,confirmed,,
MW_CRFA_2627_031,MW_CRFA,MW_2026_27,matchday_3,3,2026-07-05,,MW_MBAZI,MW_PFC_M1,MW_LFC_M1,3,1,played,,facebook,https://www.facebook.com/share/p/18uEhFeVVz/,,2026-07-16 1:52,confirmed,,
MW_NRFA_2627_008,MW_NRFA,MW_2026_27,matchday_2,2,2026-07-18,14:30:00,MW_LUZI,MW_CHIP_M1,MW_LVFC_M1,3,1,played,,facebook,https://www.facebook.com/share/p/1GcYb7WmD2/,,2026-07-19T09:39:19Z,confirmed,,
MW_NRFA_2627_009,MW_NRFA,MW_2026_27,matchday_2,2,2026-07-18,14:30:00,MW_JENDA,MW_JU_M1,MW_MMW_M1,0,0,played,,facebook,https://www.facebook.com/share/p/1GcYb7WmD2/,,2026-07-19T09:40:13Z,confirmed,,
MW_NRFA_2627_010,MW_NRFA,MW_2026_27,matchday_2,2,2026-07-18,14:30:00,MW_EUTHINI,MW_EV_M1,MW_CHB_M1,1,1,played,,facebook,https://www.facebook.com/share/p/1GcYb7WmD2/,,2026-07-19T09:42:31Z,confirmed,,
MW_NRFA_2627_011,MW_NRFA,MW_2026_27,matchday_2,2,2026-07-18,14:30:00,MW_EKWEN_CG,MW_EKW_M1,MW_CRS_M1,1,2,played,,facebook,https://www.facebook.com/share/p/1GcYb7WmD2/,,2026-07-19T09:43:57Z,confirmed,,
MW_NRFA_2627_012,MW_NRFA,MW_2026_27,matchday_2,2,2026-07-19,14:30:00,MW_CHIB_G,MW_LUMA_M1,MW_VSA_M1,4,3,played,,facebook,https://www.facebook.com/share/p/1GNxrAWH61/,,2026-07-19T18:44:10Z,confirmed,,
MW_NRFA_2627_013,MW_NRFA,MW_2026_27,matchday_2,2,2026-07-19,14:30:00,MW_RAIPLY,MW_RFC_M1,MW_CHIN_M1,3,3,played,,facebook,https://www.facebook.com/share/p/1GNxrAWH61/,,2026-07-19T18:45:52Z,confirmed,,
MW_NRFA_2627_014,MW_NRFA,MW_2026_27,matchday_2,2,2026-07-19,14:30:00,MW_FUKA_G,MW_MAFU_M1,MW_CZU_M1,1,0,played,,facebook,https://www.facebook.com/share/p/1GNxrAWH61/,,2026-07-19T18:49:37Z,confirmed,,
MW_SRFA_2627_063,MW_SRFA,MW_2026_27,md_8,8,2026-07-18,,MW_CHL_001,MW_TB_M1,MW_NY_M1,0,1,played,,facebook,https://www.facebook.com/share/p/1DbW4CWYXX/,,2026-07-19T09:56:38Z,confirmed,,
MW_NDL_2627_049,MW_NDL,MW_2026_27,md_9,9,2026-07-25,14:30,MW_B_001,MW_NS_M1,MW_BAS_M1,,,scheduled,,facebook,,,2026-07-20T17:11:53Z,confirmed,,
MW_NDL_2627_050,MW_NDL,MW_2026_27,md_9,9,2026-07-25,14:30,MW_MZ_001,MW_EU_M1,MW_MT_M1,,,scheduled,,facebook,,,2026-07-20T17:12:14Z,confirmed,,
MW_NDL_2627_051,MW_NDL,MW_2026_27,md_9,9,2026-07-25,14:30,MW_KAR_001,MW_SBU_M1,MW_FFC_M1,,,scheduled,,facebook,,,2026-07-20T17:12:30Z,confirmed,,
MW_NDL_2627_052,MW_NDL,MW_2026_27,md_9,9,2026-07-26,14:30,MW_MCJ_002,MW_EXFC_M1,MW_CBWE_M1,,,scheduled,,facebook,,,2026-07-20T17:12:51Z,confirmed,,
MW_NDL_2627_053,MW_NDL,MW_2026_27,md_9,9,2026-07-26,14:30,MW_RU_001,MW_MCH_M1,MW_NZ_M1,,,scheduled,,facebook,,,2026-07-20T17:13:08Z,confirmed,,
MW_NDL_2627_054,MW_NDL,MW_2026_27,md_9,9,2026-07-26,14:30,MW_BAL_001,MW_NU_M1,MW_CB_M1,,,scheduled,,facebook,,,2026-07-20T17:13:24Z,confirmed,,
MW_NRFA_2627_015,MW_NRFA,MW_2026_27,md_3,3,2026-07-24,14:30,MW_CHITE_G,MW_CZU_M1,MW_RFC_M1,,,scheduled,,facebook,,,2026-07-20T17:18:52Z,confirmed,,
MW_NRFA_2627_016,MW_NRFA,MW_2026_27,md_3,3,2026-07-25,14:30,,MW_CAS_M1,MW_MAFU_M1,,,scheduled,,facebook,,,2026-07-20T17:19:24Z,confirmed,,
MW_NRFA_2627_017,MW_NRFA,MW_2026_27,md_3,3,2026-07-25,14:30,MW_CWZA_G,MW_CHIN_M1,MW_LUMA_M1,,,scheduled,,facebook,,,2026-07-20T17:19:41Z,confirmed,,
MW_NRFA_2627_018,MW_NRFA,MW_2026_27,md_3,3,2026-07-25,14:30,MW_BOTA_G,MW_VSA_M1,MW_EKW_M1,,,scheduled,,facebook,,,2026-07-20T17:19:54Z,confirmed,,
MW_NRFA_2627_019,MW_NRFA,MW_2026_27,md_3,3,2026-07-26,14:30,MW_CHIB_G,MW_CRS_M1,MW_EV_M1,,,scheduled,,facebook,,,2026-07-20T17:20:16Z,confirmed,,
MW_NRFA_2627_020,MW_NRFA,MW_2026_27,md_3,3,2026-07-26,14:30,MW_MAJA_G,MW_CHB_M1,MW_JU_M1,,,scheduled,,facebook,,,2026-07-20T17:20:33Z,confirmed,,
MW_NRFA_2627_021,MW_NRFA,MW_2026_27,md_3,3,2026-07-26,14:30,MW_CBJ_G,MW_MMW_M1,MW_CHIP_M1,,,scheduled,,facebook,,,2026-07-20T17:20:50Z,confirmed,,
